threads,consistent_time,processor1,processor2,processor3,coverage_average,predict
10,31.6598,1,1,1,1865539274.4166667,2.3866989317834015
10,31.6598,1,1,2,1865539274.4166667,1.7747121539962105
10,31.6598,1,2,1,1865539274.4166667,2.274312888812264
10,31.6598,2,1,1,1865539274.4166667,2.27441091954023
11,31.6598,1,1,1,1865539274.4166667,2.343642662560701
11,31.6598,1,1,2,1865539274.4166667,1.341141884049376
11,31.6598,1,2,1,1865539274.4166667,1.81916281207803
11,31.6598,2,1,1,1865539274.4166667,1.8179406495475219
12,31.6598,1,1,1,1865539274.4166667,2.3598714957624907
13,31.6598,1,1,1,1865539274.4166667,2.3581840527354663
15,31.6598,1,1,1,1865539274.4166667,2.3546762857461605
16,31.6598,1,1,1,1865539274.4166667,2.3453788484902365
18,31.6598,1,1,1,1865539274.4166667,2.3277381976457785
19,31.6598,1,1,1,1865539274.4166667,2.3124534365641662
20,31.6598,1,1,1,1865539274.4166667,2.2938227239135793
3,31.6598,1,1,1,1865539274.4166667,1.778770359633007
3,31.6598,1,1,2,1865539274.4166667,1.779760298614859
3,31.6598,1,1,3,1865539274.4166667,1.8656334708308782
3,31.6598,1,1,4,1865539274.4166667,1.7622161984648694
3,31.6598,1,1,5,1865539274.4166667,1.8707153788429383
3,31.6598,1,1,6,1865539274.4166667,1.3864229536338
3,31.6598,1,1,7,1865539274.4166667,0.9116925451529673
3,31.6598,1,2,1,1865539274.4166667,2.3019784342666854
3,31.6598,1,2,2,1865539274.4166667,2.0643566938786155
3,31.6598,1,2,3,1865539274.4166667,2.071054766203522
3,31.6598,1,3,1,1865539274.4166667,2.2701543800775847
3,31.6598,1,3,2,1865539274.4166667,2.1088959200666113
3,31.6598,1,4,1,1865539274.4166667,2.193433514157643
3,31.6598,1,5,1,1865539274.4166667,2.1723927348579974
3,31.6598,1,6,1,1865539274.4166667,2.1607982582463707
3,31.6598,1,7,1,1865539274.4166667,1.0427442197483698
3,31.6598,2,1,1,1865539274.4166667,2.311170484575066
3,31.6598,2,1,2,1865539274.4166667,2.1721244554217694
3,31.6598,2,1,3,1865539274.4166667,2.102705108024999
3,31.6598,2,2,1,1865539274.4166667,1.3665668137123717
3,31.6598,2,3,1,1865539274.4166667,1.4472919104739614
3,31.6598,3,1,1,1865539274.4166667,2.2583332738906208
3,31.6598,3,1,2,1865539274.4166667,2.1764398553613904
3,31.6598,3,2,1,1865539274.4166667,1.5255235286748197
3,31.6598,4,1,1,1865539274.4166667,2.2807846640395932
3,31.6598,5,1,1,1865539274.4166667,2.216995203249186
3,31.6598,6,1,1,1865539274.4166667,2.187870578967009
3,31.6598,7,1,1,1865539274.4166667,1.3190154399940006
4,31.6598,1,1,1,1865539274.4166667,2.060339834573059
4,31.6598,1,1,2,1865539274.4166667,1.8044810231916601
4,31.6598,1,1,3,1865539274.4166667,2.1037949617580023
4,31.6598,1,1,4,1865539274.4166667,1.8064784858807352
4,31.6598,1,1,5,1865539274.4166667,1.871323529411765
4,31.6598,1,2,1,1865539274.4166667,2.356428863830896
4,31.6598,1,2,2,1865539274.4166667,2.1381788220356723
4,31.6598,1,3,1,1865539274.4166667,2.2631439743232327
4,31.6598,1,4,1,1865539274.4166667,2.2231132207960007
4,31.6598,1,5,1,1865539274.4166667,2.197956151677983
4,31.6598,2,1,1,1865539274.4166667,2.3811343175818473
4,31.6598,2,1,2,1865539274.4166667,2.1625398733615206
4,31.6598,2,2,1,1865539274.4166667,1.472925632138454
4,31.6598,3,1,1,1865539274.4166667,2.2929920621125213
4,31.6598,4,1,1,1865539274.4166667,2.256820044908579
4,31.6598,5,1,1,1865539274.4166667,2.2150873166909215
6,31.6598,1,1,1,1865539274.4166667,2.376469351908844
6,31.6598,1,1,2,1865539274.4166667,2.089631639044545
6,31.6598,1,1,3,1865539274.4166667,1.9095405252174333
6,31.6598,1,2,1,1865539274.4166667,2.312943359560494
6,31.6598,1,3,1,1865539274.4166667,2.2423542743820386
6,31.6598,2,1,1,1865539274.4166667,2.3113054651111855
6,31.6598,3,1,1,1865539274.4166667,2.253895932852556
7,31.6598,1,1,1,1865539274.4166667,2.4335721313491576
7,31.6598,1,1,2,1865539274.4166667,1.8733387770558927
7,31.6598,1,1,3,1865539274.4166667,1.094869711064617
7,31.6598,1,2,1,1865539274.4166667,2.322887853552955
7,31.6598,1,3,1,1865539274.4166667,1.623238190944468
7,31.6598,2,1,1,1865539274.4166667,2.2927927927927927
7,31.6598,3,1,1,1865539274.4166667,1.927877677032779
8,31.6598,1,1,1,1865539274.4166667,2.4214551767918193
8,31.6598,1,1,2,1865539274.4166667,2.0006951290412274
8,31.6598,1,2,1,1865539274.4166667,2.3107825033391967
8,31.6598,2,1,1,1865539274.4166667,2.3245763458545037
9,31.6598,1,1,1,1865539274.4166667,2.4068023383988506
9,31.6598,1,1,2,1865539274.4166667,1.8703175306453996
9,31.6598,1,2,1,1865539274.4166667,2.3001554757995377
9,31.6598,2,1,1,1865539274.4166667,2.2985690119575715
14,31.6598,1,1,2,1865539274.4166667,1.2018890200708383
14,31.6598,1,1,3,1865539274.4166667,0.5007671307412223
14,31.6598,1,1,4,1865539274.4166667,0.1273416163558187
14,31.6598,1,1,5,1865539274.4166667,0.6172680161122398
14,31.6598,1,1,6,1865539274.4166667,0.4781190442391275
14,31.6598,1,1,7,1865539274.4166667,0.34450272034820456
14,31.6598,1,1,8,1865539274.4166667,0.32506696976324173
14,31.6598,1,1,9,1865539274.4166667,0.3033971883355215
14,31.6598,1,2,2,1865539274.4166667,0.270230499707661
14,31.6598,1,2,3,1865539274.4166667,0.18275341755667643
14,31.6598,1,2,4,1865539274.4166667,0.500338987336571
14,31.6598,1,2,5,1865539274.4166667,0.48411330708360417
14,31.6598,1,3,2,1865539274.4166667,0.1145350448339159
14,31.6598,1,3,3,1865539274.4166667,0.6216946489936181
14,31.6598,1,4,2,1865539274.4166667,0.7348491530380611
14,31.6598,1,5,2,1865539274.4166667,0.766167420496923
14,31.6598,2,1,2,1865539274.4166667,0.2928962496831409
14,31.6598,2,1,3,1865539274.4166667,0.8524838239768648
14,31.6598,2,1,4,1865539274.4166667,0.5759049732600866
14,31.6598,2,1,5,1865539274.4166667,0.4770024889863859
14,31.6598,2,2,2,1865539274.4166667,0.9983098627078775
14,31.6598,3,1,2,1865539274.4166667,0.11105588292966287
14,31.6598,3,1,3,1865539274.4166667,0.5610316242375699
14,31.6598,4,1,2,1865539274.4166667,0.5672355780428636
14,31.6598,5,1,2,1865539274.4166667,0.44013635137727686
1,31.6598,2,1,1,1865539274.4166667,1.3157100765078191
1,31.6598,2,2,2,1865539274.4166667,1.8227447277668072
1,31.6598,3,1,1,1865539274.4166667,1.661347452601972
1,31.6598,3,2,1,1865539274.4166667,1.278068433205768
1,31.6598,3,2,2,1865539274.4166667,1.872718238710975
1,31.6598,4,1,1,1865539274.4166667,1.945709088227341
1,31.6598,4,2,1,1865539274.4166667,1.4459831011646496
1,31.6598,4,2,2,1865539274.4166667,1.8972392178483037
1,31.6598,4,3,1,1865539274.4166667,1.4579624316719701
1,31.6598,4,3,2,1865539274.4166667,1.768071750882366
1,31.6598,5,1,1,1865539274.4166667,2.053710779130638
1,31.6598,5,2,1,1865539274.4166667,1.4757199190819341
1,31.6598,5,2,2,1865539274.4166667,1.9379081966811735
1,31.6598,5,3,1,1865539274.4166667,1.5275108074725952
1,31.6598,5,4,1,1865539274.4166667,1.5811242733574384
1,31.6598,6,1,1,1865539274.4166667,2.197895116837677
1,31.6598,6,2,1,1865539274.4166667,1.4179225467232168
1,31.6598,6,2,2,1865539274.4166667,1.7120531248141118
1,31.6598,6,3,1,1865539274.4166667,1.5118932212697882
1,31.6598,6,4,1,1865539274.4166667,1.5688857174005688
1,31.6598,7,1,1,1865539274.4166667,2.244436725058309
1,31.6598,7,2,1,1865539274.4166667,1.4402798691638954
1,31.6598,7,3,1,1865539274.4166667,1.5009908688355158
1,31.6598,8,1,1,1865539274.4166667,2.227571115973742
1,31.6598,8,2,1,1865539274.4166667,1.57557691063546
1,31.6598,8,3,1,1865539274.4166667,1.441814712432201
1,31.6598,9,1,1,1865539274.4166667,2.200859216416873
1,31.6598,9,2,1,1865539274.4166667,1.5621586148706992
2,31.6598,2,1,1,1865539274.4166667,1.9503837955718737
2,31.6598,2,2,2,1865539274.4166667,2.1740635193133047
2,31.6598,3,1,1,1865539274.4166667,2.2439594865652177
2,31.6598,3,2,1,1865539274.4166667,1.4344849459686007
2,31.6598,3,2,2,1865539274.4166667,1.633548320520097
2,31.6598,4,1,1,1865539274.4166667,2.321576276655032
2,31.6598,4,2,1,1865539274.4166667,1.5333627157061698
2,31.6598,4,2,2,1865539274.4166667,1.618094561512003
2,31.6598,4,3,1,1865539274.4166667,1.242989003050564
2,31.6598,4,3,2,1865539274.4166667,1.8933814954578891
2,31.6598,5,1,1,1865539274.4166667,2.2036932628926618
2,31.6598,5,2,1,1865539274.4166667,1.5220691810293023
2,31.6598,5,2,2,1865539274.4166667,1.5659989118068953
2,31.6598,5,3,1,1865539274.4166667,1.2581786100337
2,31.6598,5,4,1,1865539274.4166667,1.3051820093168982
2,31.6598,6,1,1,1865539274.4166667,2.1640180176485466
2,31.6598,6,2,1,1865539274.4166667,1.2233165767011975
2,31.6598,6,2,2,1865539274.4166667,1.845514427280676
2,31.6598,6,3,1,1865539274.4166667,1.3426490981802452
2,31.6598,6,4,1,1865539274.4166667,1.390307309918408
2,31.6598,7,1,1,1865539274.4166667,2.21744550904914
2,31.6598,7,2,1,1865539274.4166667,1.2489270047653613
2,31.6598,7,3,1,1865539274.4166667,1.4283948277884555
2,31.6598,8,1,1,1865539274.4166667,2.2219898374554337
2,31.6598,8,2,1,1865539274.4166667,1.2694488327893567
2,31.6598,8,3,1,1865539274.4166667,1.370049981608499
2,31.6598,9,1,1,1865539274.4166667,2.1722734913719166
2,31.6598,9,2,1,1865539274.4166667,1.2968790322910992
5,31.6598,1,1,2,1865539274.4166667,2.015353962302585
5,31.6598,1,1,3,1865539274.4166667,1.7372680929987543
5,31.6598,1,1,4,1865539274.4166667,1.7157179398248505
5,31.6598,1,1,5,1865539274.4166667,1.0075519134378232
5,31.6598,1,1,6,1865539274.4166667,0.98427818625546
5,31.6598,1,1,7,1865539274.4166667,0.7380440078420585
5,31.6598,1,1,8,1865539274.4166667,0.741495929475469
5,31.6598,1,1,9,1865539274.4166667,0.7244225290880594
5,31.6598,1,2,2,1865539274.4166667,2.0997904175730886
5,31.6598,1,2,3,1865539274.4166667,1.3501556569576527
5,31.6598,1,2,4,1865539274.4166667,1.159559467170635
5,31.6598,1,2,5,1865539274.4166667,1.3043055538389918
5,31.6598,1,2,6,1865539274.4166667,0.5897986177089737
5,31.6598,1,2,7,1865539274.4166667,0.6139332309458432
5,31.6598,1,3,2,1865539274.4166667,1.523790730134283
5,31.6598,1,3,3,1865539274.4166667,1.4491799676839066
5,31.6598,1,3,4,1865539274.4166667,0.7552973733807286
5,31.6598,1,3,5,1865539274.4166667,0.7106624735969042
5,31.6598,1,4,2,1865539274.4166667,1.433971664613378
5,31.6598,1,4,3,1865539274.4166667,0.9049147528332357
5,31.6598,1,5,2,1865539274.4166667,1.3923066436226588
5,31.6598,1,5,3,1865539274.4166667,0.8805689523777737
5,31.6598,1,6,2,1865539274.4166667,0.8908667293222503
5,31.6598,1,7,2,1865539274.4166667,0.8796221435021185
5,31.6598,2,1,2,1865539274.4166667,2.115109163304027
5,31.6598,2,1,3,1865539274.4166667,1.6039699266404572
5,31.6598,2,1,4,1865539274.4166667,1.2451987178226585
5,31.6598,2,1,5,1865539274.4166667,1.251766361828397
5,31.6598,2,1,6,1865539274.4166667,0.6693998198571544
5,31.6598,2,1,7,1865539274.4166667,0.6444205165573967
5,31.6598,2,2,2,1865539274.4166667,1.5400308397258475
5,31.6598,2,2,3,1865539274.4166667,0.9434015113590313
5,31.6598,2,3,2,1865539274.4166667,1.0351177184108915
5,31.6598,3,1,2,1865539274.4166667,1.2357889231081498
5,31.6598,3,1,3,1865539274.4166667,1.3332912202681761
5,31.6598,3,1,4,1865539274.4166667,0.8951664663886336
5,31.6598,3,1,5,1865539274.4166667,0.8239589839683531
5,31.6598,3,2,2,1865539274.4166667,0.9926693756741165
5,31.6598,4,1,2,1865539274.4166667,0.234987534300158
5,31.6598,4,1,3,1865539274.4166667,0.8978294283461798
5,31.6598,5,1,2,1865539274.4166667,1.3962671888368483
5,31.6598,5,1,3,1865539274.4166667,0.7234128117538188
5,31.6598,6,1,2,1865539274.4166667,0.8079633122111437
5,31.6598,7,1,2,1865539274.4166667,0.6423442670513453
10,23.3787,1,2,9,15608539.340329835,0.9146202628212401
10,23.3787,1,2,9,15608539.340329835,0.9146202628212401
10,23.3787,1,2,9,15608539.340329835,0.9146202628212401
10,23.3787,1,2,9,15608539.340329835,0.9146202628212401
11,23.3787,1,2,9,15608539.340329835,0.9146202628212401
11,23.3787,1,2,9,15608539.340329835,0.9146202628212401
11,23.3787,1,2,9,15608539.340329835,0.9146202628212401
11,23.3787,1,2,9,15608539.340329835,0.9146202628212401
12,23.3787,1,2,9,15608539.340329835,0.9146202628212401
13,23.3787,1,2,9,15608539.340329835,0.9146202628212401
14,23.3787,1,2,9,15608539.340329835,0.9146202628212401
15,23.3787,1,2,9,15608539.340329835,0.9146202628212401
16,23.3787,1,2,9,15608539.340329835,0.9146202628212401
17,23.3787,1,2,9,15608539.340329835,0.9146202628212401
18,23.3787,1,2,9,15608539.340329835,0.9146202628212401
19,23.3787,1,2,9,15608539.340329835,0.9146202628212401
20,23.3787,1,2,9,15608539.340329835,0.9146202628212401
2,23.3787,1,2,9,15608539.340329835,0.9146202628212401
2,23.3787,1,2,9,15608539.340329835,0.9146202628212401
2,23.3787,1,2,9,15608539.340329835,0.9146202628212401
2,23.3787,1,2,9,15608539.340329835,0.9146202628212401
2,23.3787,1,2,9,15608539.340329835,0.9146202628212401
2,23.3787,1,2,9,15608539.340329835,0.9146202628212401
2,23.3787,1,2,9,15608539.340329835,0.9146202628212401
2,23.3787,1,2,9,15608539.340329835,0.9146202628212401
2,23.3787,1,2,9,15608539.340329835,0.9146202628212401
2,23.3787,1,2,9,15608539.340329835,0.9146202628212401
2,23.3787,1,2,9,15608539.340329835,0.9146202628212401
2,23.3787,1,2,9,15608539.340329835,0.9146202628212401
2,23.3787,1,2,9,15608539.340329835,0.9146202628212401
2,23.3787,1,2,9,15608539.340329835,0.9146202628212401
2,23.3787,1,2,9,15608539.340329835,0.9146202628212401
2,23.3787,1,2,9,15608539.340329835,0.9146202628212401
2,23.3787,1,2,9,15608539.340329835,0.9146202628212401
2,23.3787,1,2,9,15608539.340329835,0.9146202628212401
2,23.3787,1,2,9,15608539.340329835,0.9146202628212401
2,23.3787,1,2,9,15608539.340329835,0.9146202628212401
2,23.3787,1,2,9,15608539.340329835,0.9146202628212401
2,23.3787,1,2,9,15608539.340329835,0.9146202628212401
2,23.3787,1,2,9,15608539.340329835,0.9146202628212401
2,23.3787,1,2,9,15608539.340329835,0.9146202628212401
2,23.3787,1,2,9,15608539.340329835,0.9146202628212401
2,23.3787,1,2,9,15608539.340329835,0.9146202628212401
2,23.3787,1,2,9,15608539.340329835,0.9146202628212401
2,23.3787,1,2,9,15608539.340329835,0.9146202628212401
2,23.3787,1,2,9,15608539.340329835,0.9146202628212401
2,23.3787,1,2,9,15608539.340329835,0.9146202628212401
2,23.3787,1,2,9,15608539.340329835,0.9146202628212401
2,23.3787,1,2,9,15608539.340329835,0.9146202628212401
2,23.3787,1,2,9,15608539.340329835,0.9146202628212401
2,23.3787,1,2,9,15608539.340329835,0.9146202628212401
2,23.3787,1,2,9,15608539.340329835,0.9146202628212401
2,23.3787,1,2,9,15608539.340329835,0.9146202628212401
2,23.3787,1,2,9,15608539.340329835,0.9146202628212401
2,23.3787,1,2,9,15608539.340329835,0.9146202628212401
2,23.3787,1,2,9,15608539.340329835,0.9146202628212401
2,23.3787,1,2,9,15608539.340329835,0.9146202628212401
2,23.3787,1,2,9,15608539.340329835,0.9146202628212401
2,23.3787,1,2,9,15608539.340329835,0.9146202628212401
2,23.3787,1,2,9,15608539.340329835,0.9146202628212401
2,23.3787,1,2,9,15608539.340329835,0.9146202628212401
2,23.3787,1,2,9,15608539.340329835,0.9146202628212401
2,23.3787,1,2,9,15608539.340329835,0.9146202628212401
2,23.3787,1,2,9,15608539.340329835,0.9146202628212401
2,23.3787,1,2,9,15608539.340329835,0.9146202628212401
2,23.3787,1,2,9,15608539.340329835,0.9146202628212401
2,23.3787,1,2,9,15608539.340329835,0.9146202628212401
3,23.3787,1,2,9,15608539.340329835,0.9146202628212401
3,23.3787,1,2,9,15608539.340329835,0.9146202628212401
3,23.3787,1,2,9,15608539.340329835,0.9146202628212401
3,23.3787,1,2,9,15608539.340329835,0.9146202628212401
3,23.3787,1,2,9,15608539.340329835,0.9146202628212401
3,23.3787,1,2,9,15608539.340329835,0.9146202628212401
3,23.3787,1,2,9,15608539.340329835,0.9146202628212401
3,23.3787,1,2,9,15608539.340329835,0.9146202628212401
3,23.3787,1,2,9,15608539.340329835,0.9146202628212401
3,23.3787,1,2,9,15608539.340329835,0.9146202628212401
3,23.3787,1,2,9,15608539.340329835,0.9146202628212401
3,23.3787,1,2,9,15608539.340329835,0.9146202628212401
3,23.3787,1,2,9,15608539.340329835,0.9146202628212401
3,23.3787,1,2,9,15608539.340329835,0.9146202628212401
3,23.3787,1,2,9,15608539.340329835,0.9146202628212401
3,23.3787,1,2,9,15608539.340329835,0.9146202628212401
3,23.3787,1,2,9,15608539.340329835,0.9146202628212401
3,23.3787,1,2,9,15608539.340329835,0.9146202628212401
3,23.3787,1,2,9,15608539.340329835,0.9146202628212401
3,23.3787,1,2,9,15608539.340329835,0.9146202628212401
3,23.3787,1,2,9,15608539.340329835,0.9146202628212401
3,23.3787,1,2,9,15608539.340329835,0.9146202628212401
3,23.3787,1,2,9,15608539.340329835,0.9146202628212401
3,23.3787,1,2,9,15608539.340329835,0.9146202628212401
3,23.3787,1,2,9,15608539.340329835,0.9146202628212401
3,23.3787,1,2,9,15608539.340329835,0.9146202628212401
3,23.3787,1,2,9,15608539.340329835,0.9146202628212401
3,23.3787,1,2,9,15608539.340329835,0.9146202628212401
4,23.3787,1,2,9,15608539.340329835,0.9146202628212401
4,23.3787,1,2,9,15608539.340329835,0.9146202628212401
4,23.3787,1,2,9,15608539.340329835,0.9146202628212401
4,23.3787,1,2,9,15608539.340329835,0.9146202628212401
4,23.3787,1,2,9,15608539.340329835,0.9146202628212401
4,23.3787,1,2,9,15608539.340329835,0.9146202628212401
4,23.3787,1,2,9,15608539.340329835,0.9146202628212401
4,23.3787,1,2,9,15608539.340329835,0.9146202628212401
4,23.3787,1,2,9,15608539.340329835,0.9146202628212401
4,23.3787,1,2,9,15608539.340329835,0.9146202628212401
4,23.3787,1,2,9,15608539.340329835,0.9146202628212401
4,23.3787,1,2,9,15608539.340329835,0.9146202628212401
4,23.3787,1,2,9,15608539.340329835,0.9146202628212401
4,23.3787,1,2,9,15608539.340329835,0.9146202628212401
4,23.3787,1,2,9,15608539.340329835,0.9146202628212401
4,23.3787,1,2,9,15608539.340329835,0.9146202628212401
5,23.3787,1,2,9,15608539.340329835,0.9146202628212401
5,23.3787,1,2,9,15608539.340329835,0.9146202628212401
5,23.3787,1,2,9,15608539.340329835,0.9146202628212401
5,23.3787,1,2,9,15608539.340329835,0.9146202628212401
5,23.3787,1,2,9,15608539.340329835,0.9146202628212401
5,23.3787,1,2,9,15608539.340329835,0.9146202628212401
5,23.3787,1,2,9,15608539.340329835,0.9146202628212401
5,23.3787,1,2,9,15608539.340329835,0.9146202628212401
5,23.3787,1,2,9,15608539.340329835,0.9146202628212401
5,23.3787,1,2,9,15608539.340329835,0.9146202628212401
5,23.3787,1,2,9,15608539.340329835,0.9146202628212401
5,23.3787,1,2,9,15608539.340329835,0.9146202628212401
5,23.3787,1,2,9,15608539.340329835,0.9146202628212401
6,23.3787,1,2,9,15608539.340329835,0.9146202628212401
6,23.3787,1,2,9,15608539.340329835,0.9146202628212401
6,23.3787,1,2,9,15608539.340329835,0.9146202628212401
6,23.3787,1,2,9,15608539.340329835,0.9146202628212401
6,23.3787,1,2,9,15608539.340329835,0.9146202628212401
6,23.3787,1,2,9,15608539.340329835,0.9146202628212401
6,23.3787,1,2,9,15608539.340329835,0.9146202628212401
7,23.3787,1,2,9,15608539.340329835,0.9146202628212401
7,23.3787,1,2,9,15608539.340329835,0.9146202628212401
7,23.3787,1,2,9,15608539.340329835,0.9146202628212401
7,23.3787,1,2,9,15608539.340329835,0.9146202628212401
7,23.3787,1,2,9,15608539.340329835,0.9146202628212401
7,23.3787,1,2,9,15608539.340329835,0.9146202628212401
7,23.3787,1,2,9,15608539.340329835,0.9146202628212401
8,23.3787,1,2,9,15608539.340329835,0.9146202628212401
8,23.3787,1,2,9,15608539.340329835,0.9146202628212401
8,23.3787,1,2,9,15608539.340329835,0.9146202628212401
8,23.3787,1,2,9,15608539.340329835,0.9146202628212401
9,23.3787,1,2,9,15608539.340329835,0.9146202628212401
9,23.3787,1,2,9,15608539.340329835,0.9146202628212401
9,23.3787,1,2,9,15608539.340329835,0.9146202628212401
9,23.3787,1,2,9,15608539.340329835,0.9146202628212401
1,23.3787,1,1,1,15608539.340329835,1.0
1,23.3787,1,1,2,15608539.340329835,0.9961099275671069
1,23.3787,1,1,3,15608539.340329835,1.0000598871554882
1,23.3787,1,1,4,15608539.340329835,0.9812222730535001
1,23.3787,1,1,5,15608539.340329835,0.9999615049017091
1,23.3787,1,1,6,15608539.340329835,0.9995809906578018
1,23.3787,1,1,7,15608539.340329835,0.97581611229605
1,23.3787,1,1,8,15608539.340329835,0.9759709112768897
1,23.3787,1,1,9,15608539.340329835,0.9997434219810388
1,23.3787,1,2,1,15608539.340329835,1.0001368954674765
1,23.3787,1,2,2,15608539.340329835,0.9960292946033341
1,23.3787,1,2,3,15608539.340329835,0.9758935056478072
1,23.3787,1,2,4,15608539.340329835,0.9758242583865865
1,23.3787,1,2,5,15608539.340329835,0.9809793554884189
1,23.3787,1,2,6,15608539.340329835,0.9172686004402192
1,23.3787,1,2,7,15608539.340329835,0.9166248451296206
1,23.3787,1,2,8,15608539.340329835,0.9170742997014831
1,23.3787,1,2,9,15608539.340329835,0.9146202628212401
1,23.3787,1,3,1,15608539.340329835,1.0001368954674765
1,23.3787,1,3,2,15608539.340329835,0.9999486738608805
1,23.3787,1,3,3,15608539.340329835,0.9958383738562981
1,23.3787,1,3,4,15608539.340329835,0.87044924827427
1,23.3787,1,3,5,15608539.340329835,0.9168585065120967
1,23.3787,1,3,6,15608539.340329835,0.8717963060331807
1,23.3787,1,3,7,15608539.340329835,0.8172198996070973
1,23.3787,1,3,8,15608539.340329835,0.6881107395982952
1,23.3787,1,4,1,15608539.340329835,0.9810740378603171
1,23.3787,1,4,2,15608539.340329835,0.999841761324757
1,23.3787,1,4,3,15608539.340329835,0.9168621022330637
1,23.3787,1,4,4,15608539.340329835,0.8718938453104196
1,23.3787,1,4,5,15608539.340329835,0.8714291039212763
1,23.3787,1,4,6,15608539.340329835,0.6967692903764194
1,23.3787,1,5,1,15608539.340329835,0.975873137786089
1,23.3787,1,5,2,15608539.340329835,0.9747054458128694
1,23.3787,1,5,3,15608539.340329835,0.9168656979822342
1,23.3787,1,5,4,15608539.340329835,0.9146596244131455
1,23.3787,1,5,5,15608539.340329835,0.6791060167258762
1,23.3787,1,6,1,15608539.340329835,0.9810493363491016
1,23.3787,1,6,2,15608539.340329835,0.9147025681956898
1,23.3787,1,6,3,15608539.340329835,0.8756887349002714
1,23.3787,1,6,4,15608539.340329835,0.6732178029648571
1,23.3787,1,7,1,15608539.340329835,0.9810287527065813
1,23.3787,1,7,2,15608539.340329835,0.9166643794527154
1,23.3787,1,7,3,15608539.340329835,0.8105249290144536
1,23.3787,1,8,1,15608539.340329835,0.9958765521501138
1,23.3787,1,8,2,15608539.340329835,0.8705918715414578
1,23.3787,1,8,3,15608539.340329835,0.7012817551616667
1,23.3787,1,9,1,15608539.340329835,0.9809793554884189
1,23.3787,1,9,2,15608539.340329835,0.9170671049586355
1,23.3787,2,1,1,15608539.340329835,1.9517544225808334
1,23.3787,2,1,2,15608539.340329835,1.9994611930724822
1,23.3787,2,1,3,15608539.340329835,1.9913204943655614
1,23.3787,2,1,4,15608539.340329835,1.9510214640985413
1,23.3787,2,1,5,15608539.340329835,1.9588517708568984
1,23.3787,2,1,6,15608539.340329835,1.833767354302298
1,23.3787,2,1,7,15608539.340329835,1.8276031894934333
1,23.3787,2,1,8,15608539.340329835,1.8263895941564783
1,23.3787,2,1,9,15608539.340329835,1.827546042963009
1,23.3787,2,2,1,15608539.340329835,1.999307301554723
1,23.3787,2,2,2,15608539.340329835,1.9612016173682532
1,23.3787,2,2,3,15608539.340329835,1.8272032388157686
1,23.3787,2,2,4,15608539.340329835,1.8296198905923506
1,23.3787,2,2,5,15608539.340329835,1.732294491619615
1,23.3787,2,2,6,15608539.340329835,1.3854701259911582
1,23.3787,2,3,1,15608539.340329835,1.9992560096462197
1,23.3787,2,3,2,15608539.340329835,1.7363988146079514
1,23.3787,2,3,3,15608539.340329835,1.737418252080856
1,23.3787,2,3,4,15608539.340329835,1.4112374065108868
1,23.3787,2,4,1,15608539.340329835,1.951102876743196
1,23.3787,2,4,2,15608539.340329835,1.8331203199121808
1,23.3787,2,4,3,15608539.340329835,1.29124138388123
1,23.3787,2,5,1,15608539.340329835,1.9966947654308334
1,23.3787,2,5,2,15608539.340329835,1.8297058063910214
1,23.3787,2,6,1,15608539.340329835,1.8321578031692294
1,23.3787,2,6,2,15608539.340329835,1.2853349313863476
1,23.3787,2,7,1,15608539.340329835,1.8278318113585188
1,23.3787,2,8,1,15608539.340329835,1.7395642662618866
1,23.3787,2,9,1,15608539.340329835,1.8255053995174402
1,23.3787,3,1,1,15608539.340329835,2.9975382406113367
1,23.3787,3,1,2,15608539.340329835,2.9249333783733062
1,23.3787,3,1,3,15608539.340329835,2.986014253965821
1,23.3787,3,1,4,15608539.340329835,2.7418227450244523
1,23.3787,3,1,5,15608539.340329835,2.6120868807400948
1,23.3787,3,1,6,15608539.340329835,2.740858412370892
1,23.3787,3,1,7,15608539.340329835,2.3740746382330538
1,23.3787,3,1,8,15608539.340329835,1.7703893861602071
1,23.3787,3,2,1,15608539.340329835,2.9961168781237983
1,23.3787,3,2,2,15608539.340329835,2.742530353686433
1,23.3787,3,2,3,15608539.340329835,2.604549860184267
1,23.3787,3,2,4,15608539.340329835,1.9721371631026192
1,23.3787,3,3,1,15608539.340329835,2.9959249054911257
1,23.3787,3,3,2,15608539.340329835,2.612904307396562
1,23.3787,3,4,1,15608539.340329835,2.7430452076171257
1,23.3787,3,4,2,15608539.340329835,2.0423608138447964
1,23.3787,3,5,1,15608539.340329835,2.740762016412661
1,23.3787,3,6,1,15608539.340329835,2.608967849211574
1,23.3787,3,7,1,15608539.340329835,2.3936173480357525
1,23.3787,3,8,1,15608539.340329835,1.9161455302477683
1,23.3787,4,1,1,15608539.340329835,3.996017434407315
1,23.3787,4,1,2,15608539.340329835,3.995675952828576
1,23.3787,4,1,3,15608539.340329835,3.6622491658442593
1,23.3787,4,1,4,15608539.340329835,3.6633394966937223
1,23.3787,4,1,5,15608539.340329835,3.4614086258716923
1,23.3787,4,1,6,15608539.340329835,2.6189046589521556
1,23.3787,4,2,1,15608539.340329835,3.993560069011462
1,23.3787,4,2,2,15608539.340329835,3.4777311674401994
1,23.3787,4,2,3,15608539.340329835,2.6633894597735197
1,23.3787,4,3,1,15608539.340329835,3.664143313898815
1,23.3787,4,3,2,15608539.340329835,2.6839676252798346
1,23.3787,4,4,1,15608539.340329835,3.6525223803646476
1,23.3787,4,5,1,15608539.340329835,3.6667294029078246
1,23.3787,4,6,1,15608539.340329835,2.5167884940414034
1,23.3787,5,1,1,15608539.340329835,4.9754618200391585
1,23.3787,5,1,2,15608539.340329835,4.981080217321828
1,23.3787,5,1,3,15608539.340329835,4.565349840848288
1,23.3787,5,1,4,15608539.340329835,4.567401242527254
1,23.3787,5,1,5,15608539.340329835,3.0882947385107196
1,23.3787,5,2,1,15608539.340329835,4.972392964246975
1,23.3787,5,2,2,15608539.340329835,4.565528150448181
1,23.3787,5,3,1,15608539.340329835,4.5665983006152935
1,23.3787,5,4,1,15608539.340329835,4.57204599679274
1,23.3787,5,5,1,15608539.340329835,3.024372259091085
1,23.3787,6,1,1,15608539.340329835,5.882469868907732
1,23.3787,6,1,2,15608539.340329835,5.49156722728554
1,23.3787,6,1,3,15608539.340329835,5.48203817474089
1,23.3787,6,1,4,15608539.340329835,3.379890125777071
1,23.3787,6,2,1,15608539.340329835,5.2145023865816125
1,23.3787,6,2,2,15608539.340329835,3.5733588077951848
1,23.3787,6,3,1,15608539.340329835,5.472414035251983
1,23.3787,6,4,1,15608539.340329835,3.8620775101595797
1,23.3787,7,1,1,15608539.340329835,6.959396302801178
1,23.3787,7,1,2,15608539.340329835,6.380475423705684
1,23.3787,7,1,3,15608539.340329835,5.263457685120562
1,23.3787,7,2,1,15608539.340329835,6.405123287671232
1,23.3787,7,3,1,15608539.340329835,5.277716323904553
1,23.3787,8,1,1,15608539.340329835,7.978261611439102
1,23.3787,8,1,2,15608539.340329835,7.248759766836165
1,23.3787,8,1,3,15608539.340329835,4.969750435780791
1,23.3787,8,2,1,15608539.340329835,6.955462334880399
1,23.3787,8,3,1,15608539.340329835,4.584418385755746
1,23.3787,9,1,1,15608539.340329835,8.939887576000917
1,23.3787,9,1,2,15608539.340329835,8.205355889372454
1,23.3787,9,2,1,15608539.340329835,8.210254609306409
10,7.8505,1,1,1,627012396.05,1.2183217716529324
10,7.8505,1,2,1,627012396.05,1.0040029670554533
10,7.8505,2,1,1,627012396.05,1.020685440882024
11,7.8505,1,1,1,627012396.05,1.1712094764952485
11,7.8505,1,2,1,627012396.05,1.1099878403981562
11,7.8505,2,1,1,627012396.05,1.0215620445554863
12,7.8505,1,1,1,627012396.05,1.1025673436139436
13,7.8505,1,1,1,627012396.05,1.1884433141075132
14,7.8505,1,1,1,627012396.05,1.0892730779370343
15,7.8505,1,1,1,627012396.05,1.175911085813574
16,7.8505,1,1,1,627012396.05,1.2065997571584464
17,7.8505,1,1,1,627012396.05,1.2081409664512157
18,7.8505,1,1,1,627012396.05,1.2015764903956532
19,7.8505,1,1,1,627012396.05,1.189361573190316
1,7.8505,1,1,1,627012396.05,0.7304829254675724
1,7.8505,1,2,1,627012396.05,1.0513452344283591
1,7.8505,1,3,1,627012396.05,1.183980333604802
1,7.8505,1,4,1,627012396.05,1.2072120559741657
1,7.8505,1,5,1,627012396.05,1.2473782890555487
1,7.8505,1,6,1,627012396.05,1.2671702742401498
1,7.8505,1,7,1,627012396.05,1.2616717291033863
1,7.8505,1,8,1,627012396.05,1.2661279917424682
1,7.8505,1,9,1,627012396.05,1.262138263665595
1,7.8505,2,1,1,627012396.05,1.0328653939768706
1,7.8505,2,2,1,627012396.05,1.160235283685323
1,7.8505,2,3,1,627012396.05,1.2542538064577975
1,7.8505,2,4,1,627012396.05,1.2138571914525158
1,7.8505,2,5,1,627012396.05,0.1326351144728639
1,7.8505,2,6,1,627012396.05,0.16869336507861468
1,7.8505,2,7,1,627012396.05,0.19084210705438776
1,7.8505,2,8,1,627012396.05,0.6262014724768081
1,7.8505,2,9,1,627012396.05,1.173608204269569
1,7.8505,3,1,1,627012396.05,1.1120318431639187
1,7.8505,3,2,1,627012396.05,1.1808992313362114
1,7.8505,3,3,1,627012396.05,1.2457551810593799
1,7.8505,3,4,1,627012396.05,1.1715590443074813
1,7.8505,3,5,1,627012396.05,1.172784176638432
1,7.8505,3,6,1,627012396.05,1.163295547158628
1,7.8505,3,7,1,627012396.05,1.0043112271006038
1,7.8505,4,1,1,627012396.05,1.0176159489798564
1,7.8505,4,2,1,627012396.05,1.1165870171246515
1,7.8505,4,3,1,627012396.05,1.0202211854605
1,7.8505,4,4,1,627012396.05,1.0246554244544221
1,7.8505,4,5,1,627012396.05,1.002694970240376
1,7.8505,5,1,1,627012396.05,1.1603381763897307
1,7.8505,5,2,1,627012396.05,1.114051768178464
1,7.8505,5,3,1,627012396.05,1.1116067003667363
1,7.8505,5,4,1,627012396.05,0.9973068079322129
1,7.8505,6,1,1,627012396.05,1.1311307705607745
1,7.8505,6,2,1,627012396.05,1.0197705987036099
1,7.8505,6,3,1,627012396.05,0.9707435298190947
1,7.8505,7,1,1,627012396.05,1.0091135791043242
1,7.8505,7,2,1,627012396.05,1.085267567081853
1,7.8505,7,3,1,627012396.05,0.9790484504583152
1,7.8505,8,1,1,627012396.05,1.0854476322156932
1,7.8505,8,2,1,627012396.05,1.018791284373905
1,7.8505,9,1,1,627012396.05,1.1684204259625832
1,7.8505,9,2,1,627012396.05,1.0302087844310592
20,7.8505,1,1,1,627012396.05,1.1977450262419138
2,7.8505,1,1,1,627012396.05,0.9859959809093193
2,7.8505,1,2,1,627012396.05,0.991512686765096
2,7.8505,1,3,1,627012396.05,1.2181516308227043
2,7.8505,1,4,1,627012396.05,1.2258553114411082
2,7.8505,1,5,1,627012396.05,1.2122452130945027
2,7.8505,1,6,1,627012396.05,1.1705458720384094
2,7.8505,1,7,1,627012396.05,1.2046371741165278
2,7.8505,1,8,1,627012396.05,1.2065997571584464
2,7.8505,1,9,1,627012396.05,1.246249583287032
2,7.8505,2,1,1,627012396.05,1.0686768309283965
2,7.8505,2,2,1,627012396.05,1.1387108003829307
2,7.8505,2,3,1,627012396.05,1.0978184869249057
2,7.8505,2,4,1,627012396.05,1.146008204020262
2,7.8505,2,5,1,627012396.05,1.0588751011599677
2,7.8505,3,1,1,627012396.05,1.0900444321021938
2,7.8505,3,2,1,627012396.05,1.168298708256444
2,7.8505,3,3,1,627012396.05,1.1931213714702575
2,7.8505,4,1,1,627012396.05,1.1188307894024256
2,7.8505,4,2,1,627012396.05,1.1361070911722142
2,7.8505,5,1,1,627012396.05,1.166146761734997
2,7.8505,5,2,1,627012396.05,1.0741455271871494
2,7.8505,6,1,1,627012396.05,1.0311695476278044
2,7.8505,7,1,1,627012396.05,1.036438048716087
2,7.8505,8,1,1,627012396.05,1.025766662746789
2,7.8505,9,1,1,627012396.05,1.1474822772783746
3,7.8505,1,1,1,627012396.05,0.9748177765636448
3,7.8505,1,2,1,627012396.05,1.050023406674246
3,7.8505,1,3,1,627012396.05,1.2321854595680564
3,7.8505,1,4,1,627012396.05,1.1400833587475856
3,7.8505,1,5,1,627012396.05,1.2374489683327816
3,7.8505,1,6,1,627012396.05,1.2358904929078574
3,7.8505,1,7,1,627012396.05,1.1112290684671677
3,7.8505,2,1,1,627012396.05,1.1890373197625106
3,7.8505,2,2,1,627012396.05,1.1734854033692583
3,7.8505,2,3,1,627012396.05,1.2397744859606457
3,7.8505,3,1,1,627012396.05,1.1834984095397465
3,7.8505,3,2,1,627012396.05,1.0409732811774846
3,7.8505,4,1,1,627012396.05,1.1506273084364191
3,7.8505,5,1,1,627012396.05,1.1571399092034669
3,7.8505,6,1,1,627012396.05,1.1502901183917478
3,7.8505,7,1,1,627012396.05,1.12458457483383
4,7.8505,1,1,1,627012396.05,1.1508297173683593
4,7.8505,1,2,1,627012396.05,1.1212757448510298
4,7.8505,1,3,1,627012396.05,1.2285602503912365
4,7.8505,1,4,1,627012396.05,1.1191497854505539
4,7.8505,1,5,1,627012396.05,0.16840134026058715
4,7.8505,2,1,1,627012396.05,1.0993866233475242
4,7.8505,2,2,1,627012396.05,1.1612822105854856
4,7.8505,3,1,1,627012396.05,1.1388594722411618
4,7.8505,4,1,1,627012396.05,1.1322401061497636
4,7.8505,5,1,1,627012396.05,1.1296333601933923
5,7.8505,1,1,1,627012396.05,1.194446557626474
5,7.8505,1,2,1,627012396.05,1.186288287471478
5,7.8505,1,3,1,627012396.05,1.2378977577343973
5,7.8505,1,4,1,627012396.05,1.1561004344304544
5,7.8505,2,1,1,627012396.05,1.1610932808779377
5,7.8505,2,2,1,627012396.05,1.0536452461480648
5,7.8505,3,1,1,627012396.05,1.160664123717437
5,7.8505,4,1,1,627012396.05,1.025672850796969
6,7.8505,1,1,1,627012396.05,1.219893091338534
6,7.8505,1,2,1,627012396.05,1.1754885078984803
6,7.8505,1,3,1,627012396.05,1.223562600333536
6,7.8505,2,1,1,627012396.05,1.1549608662390396
6,7.8505,3,1,1,627012396.05,1.155317802534179
7,7.8505,1,1,1,627012396.05,1.1408123228947178
7,7.8505,1,2,1,627012396.05,1.1090783227848102
7,7.8505,1,3,1,627012396.05,1.1120318431639187
7,7.8505,2,1,1,627012396.05,1.0406007263858328
7,7.8505,3,1,1,627012396.05,1.042535390826273
8,7.8505,1,1,1,627012396.05,1.1829277480599714
8,7.8505,1,2,1,627012396.05,1.069900239860445
8,7.8505,2,1,1,627012396.05,1.1100663169355638
9,7.8505,1,1,1,627012396.05,1.1844269096724551
9,7.8505,1,2,1,627012396.05,1.0931255830792153
9,7.8505,2,1,1,627012396.05,1.174626687015591
10,12.2895,1,1,1,839088489.2173913,1.1829110999884496
10,12.2895,1,1,2,839088489.2173913,1.0349924204143506
10,12.2895,1,2,1,839088489.2173913,1.0909647752290321
10,12.2895,2,1,1,839088489.2173913,1.0388594904393988
11,12.2895,1,1,1,839088489.2173913,1.2518335166850019
11,12.2895,1,1,2,839088489.2173913,1.058618313377552
11,12.2895,1,2,1,839088489.2173913,1.1548328290326826
11,12.2895,2,1,1,839088489.2173913,1.1169937194950148
12,12.2895,1,1,1,839088489.2173913,1.1895520365494812
13,12.2895,1,1,1,839088489.2173913,1.2760754669961687
14,12.2895,1,1,1,839088489.2173913,1.225420788130185
15,12.2895,1,1,1,839088489.2173913,1.2807432573262747
16,12.2895,1,1,1,839088489.2173913,1.1576830325181808
17,12.2895,1,1,1,839088489.2173913,1.1558972911963883
18,12.2895,1,1,1,839088489.2173913,1.2534039102897532
19,12.2895,1,1,1,839088489.2173913,1.2521779000458504
1,12.2895,1,1,1,839088489.2173913,0.9342288307601085
1,12.2895,1,1,2,839088489.2173913,1.2278572070856937
1,12.2895,1,1,3,839088489.2173913,1.3183895468589084
1,12.2895,1,1,4,839088489.2173913,1.3959947293091306
1,12.2895,1,1,5,839088489.2173913,1.3979002206702005
1,12.2895,1,1,6,839088489.2173913,1.3490861188868764
1,12.2895,1,1,7,839088489.2173913,1.364969178652746
1,12.2895,1,1,8,839088489.2173913,1.3339013589198108
1,12.2895,1,1,9,839088489.2173913,1.221353183200493
1,12.2895,1,2,1,839088489.2173913,1.273483725894532
1,12.2895,1,2,2,839088489.2173913,1.4396921346735083
1,12.2895,1,2,3,839088489.2173913,1.4748343894009215
1,12.2895,1,2,4,839088489.2173913,1.4656879114588302
1,12.2895,1,2,5,839088489.2173913,1.3910804233403136
1,12.2895,1,2,6,839088489.2173913,1.3112296612429981
1,12.2895,1,2,7,839088489.2173913,1.2959916479483693
1,12.2895,1,2,8,839088489.2173913,1.290236220472441
1,12.2895,1,2,9,839088489.2173913,1.2734573338169008
1,12.2895,1,3,1,839088489.2173913,1.4373179888424967
1,12.2895,1,3,2,839088489.2173913,1.5011359749841209
1,12.2895,1,3,3,839088489.2173913,1.4412792606839613
1,12.2895,1,3,4,839088489.2173913,1.3536629693678612
1,12.2895,1,3,5,839088489.2173913,1.335800697818502
1,12.2895,1,3,6,839088489.2173913,1.3244851110608167
1,12.2895,1,3,7,839088489.2173913,1.1529476883818672
1,12.2895,1,4,1,839088489.2173913,1.5022369450420499
1,12.2895,1,4,2,839088489.2173913,1.5050333104732048
1,12.2895,1,4,3,839088489.2173913,1.3389880368699745
1,12.2895,1,4,4,839088489.2173913,1.3675817633508787
1,12.2895,1,4,5,839088489.2173913,1.323857332141203
1,12.2895,1,5,1,839088489.2173913,1.514193834553116
1,12.2895,1,5,2,839088489.2173913,1.4871307736056827
1,12.2895,1,5,3,839088489.2173913,1.3436434006822358
1,12.2895,1,5,4,839088489.2173913,1.3396448543117827
1,12.2895,1,6,1,839088489.2173913,1.499707124203744
1,12.2895,1,6,2,839088489.2173913,1.3783029025167108
1,12.2895,1,6,3,839088489.2173913,1.3754952655966692
1,12.2895,1,7,1,839088489.2173913,1.51847824743924
1,12.2895,1,7,2,839088489.2173913,1.3879853628786338
1,12.2895,1,7,3,839088489.2173913,1.1616223675753339
1,12.2895,1,8,1,839088489.2173913,1.411013008484793
1,12.2895,1,8,2,839088489.2173913,1.391411167972465
1,12.2895,1,9,1,839088489.2173913,1.4939643330375267
1,12.2895,1,9,2,839088489.2173913,1.3720706941017542
1,12.2895,2,1,1,839088489.2173913,1.2192569075847017
1,12.2895,2,1,2,839088489.2173913,1.3337131694611755
1,12.2895,2,1,3,839088489.2173913,1.4095241372191447
1,12.2895,2,1,4,839088489.2173913,1.4330107276119401
1,12.2895,2,1,5,839088489.2173913,1.4063948365242667
1,12.2895,2,1,6,839088489.2173913,1.2698650519746224
1,12.2895,2,1,7,839088489.2173913,1.3017021321668025
1,12.2895,2,1,8,839088489.2173913,1.274408138292908
1,12.2895,2,1,9,839088489.2173913,1.2634549548160257
1,12.2895,2,2,1,839088489.2173913,1.3892562824295454
1,12.2895,2,2,2,839088489.2173913,1.4443112505729294
1,12.2895,2,2,3,839088489.2173913,1.3614157527417747
1,12.2895,2,2,4,839088489.2173913,1.3616118417408067
1,12.2895,2,2,5,839088489.2173913,1.3369923519620535
1,12.2895,2,3,1,839088489.2173913,1.5035050587846683
1,12.2895,2,3,2,839088489.2173913,1.3368469144665993
1,12.2895,2,3,3,839088489.2173913,1.3715806743228312
1,12.2895,2,4,1,839088489.2173913,1.4897988871513255
1,12.2895,2,4,2,839088489.2173913,1.3556190434168727
1,12.2895,2,5,1,839088489.2173913,1.4804664442061897
1,12.2895,2,5,2,839088489.2173913,1.3673839512216832
1,12.2895,2,6,1,839088489.2173913,1.3947906026557713
1,12.2895,2,7,1,839088489.2173913,1.395503321410322
1,12.2895,2,8,1,839088489.2173913,1.3933041585415629
1,12.2895,2,9,1,839088489.2173913,1.3711521940443385
1,12.2895,3,1,1,839088489.2173913,1.2507505826556888
1,12.2895,3,1,2,839088489.2173913,1.2084902598998948
1,12.2895,3,1,3,839088489.2173913,1.37638876444763
1,12.2895,3,1,4,839088489.2173913,1.2911579920573217
1,12.2895,3,1,5,839088489.2173913,1.2834584817185883
1,12.2895,3,1,6,839088489.2173913,1.2829091592375306
1,12.2895,3,1,7,839088489.2173913,1.1145826720236531
1,12.2895,3,2,1,839088489.2173913,1.3419707790080588
1,12.2895,3,2,2,839088489.2173913,1.281063670099654
1,12.2895,3,2,3,839088489.2173913,1.3218638069935786
1,12.2895,3,3,1,839088489.2173913,1.40760296880011
1,12.2895,3,3,2,839088489.2173913,1.2845585391602472
1,12.2895,3,4,1,839088489.2173913,1.3139212898121517
1,12.2895,3,5,1,839088489.2173913,1.3336263306963572
1,12.2895,3,6,1,839088489.2173913,1.301867604529709
1,12.2895,3,7,1,839088489.2173913,1.177459687850306
1,12.2895,4,1,1,839088489.2173913,1.2254941066193334
1,12.2895,4,1,2,839088489.2173913,1.2590281832990133
1,12.2895,4,1,3,839088489.2173913,1.239685677971231
1,12.2895,4,1,4,839088489.2173913,1.2543249946415995
1,12.2895,4,1,5,839088489.2173913,1.192645860020962
1,12.2895,4,2,1,839088489.2173913,1.2702588167197255
1,12.2895,4,2,2,839088489.2173913,1.2254330072691375
1,12.2895,4,3,1,839088489.2173913,1.2496949359365468
1,12.2895,4,4,1,839088489.2173913,1.26974697015095
1,12.2895,4,5,1,839088489.2173913,1.2263134261338124
1,12.2895,5,1,1,839088489.2173913,1.2031190343328733
1,12.2895,5,1,2,839088489.2173913,1.1499915782381673
1,12.2895,5,1,3,839088489.2173913,1.1831388632162663
1,12.2895,5,1,4,839088489.2173913,1.183754262266659
1,12.2895,5,2,1,839088489.2173913,1.220491990505795
1,12.2895,5,2,2,839088489.2173913,1.1775386620163655
1,12.2895,5,3,1,839088489.2173913,1.231746063564291
1,12.2895,5,4,1,839088489.2173913,1.183822679459022
1,12.2895,6,1,1,839088489.2173913,1.2039794658776966
1,12.2895,6,1,2,839088489.2173913,1.098718854210437
1,12.2895,6,1,3,839088489.2173913,1.1854899388420506
1,12.2895,6,2,1,839088489.2173913,1.1343769903172507
1,12.2895,6,3,1,839088489.2173913,1.2105377212596409
1,12.2895,7,1,1,839088489.2173913,1.1995139282019247
1,12.2895,7,1,2,839088489.2173913,1.111266841486572
1,12.2895,7,1,3,839088489.2173913,1.0388331459581914
1,12.2895,7,2,1,839088489.2173913,1.1448173713774699
1,12.2895,7,3,1,839088489.2173913,1.0629859963844897
1,12.2895,8,1,1,839088489.2173913,1.184301821335646
1,12.2895,8,1,2,839088489.2173913,1.118579737318758
1,12.2895,8,2,1,839088489.2173913,1.151338286131852
1,12.2895,9,1,1,839088489.2173913,1.1868065011443636
1,12.2895,9,1,2,839088489.2173913,1.1248043639425584
1,12.2895,9,2,1,839088489.2173913,1.1444548950951268
20,12.2895,1,1,1,839088489.2173913,1.2384613834247018
2,12.2895,1,1,1,839088489.2173913,1.2906969416904723
2,12.2895,1,1,2,839088489.2173913,0.8905692918635323
2,12.2895,1,1,3,839088489.2173913,0.631961371139428
2,12.2895,1,1,4,839088489.2173913,1.3839682879311705
2,12.2895,1,1,5,839088489.2173913,1.3623363522486671
2,12.2895,1,1,6,839088489.2173913,1.334292383692525
2,12.2895,1,1,7,839088489.2173913,1.3139212898121517
2,12.2895,1,1,8,839088489.2173913,1.2866969595443505
2,12.2895,1,1,9,839088489.2173913,1.2444937266458063
2,12.2895,1,2,1,839088489.2173913,1.4059121640945853
2,12.2895,1,2,2,839088489.2173913,1.4577254287951036
2,12.2895,1,2,3,839088489.2173913,1.4467766999434921
2,12.2895,1,2,4,839088489.2173913,1.4069261591299371
2,12.2895,1,2,5,839088489.2173913,1.3174284979203292
2,12.2895,1,3,1,839088489.2173913,1.5366100677686365
2,12.2895,1,3,2,839088489.2173913,1.4662300010737679
2,12.2895,1,3,3,839088489.2173913,1.3947272851079282
2,12.2895,1,4,1,839088489.2173913,1.5197175609333844
2,12.2895,1,4,2,839088489.2173913,1.4591793118187648
2,12.2895,1,5,1,839088489.2173913,1.4697370152002582
2,12.2895,1,5,2,839088489.2173913,1.3560977224576272
2,12.2895,1,6,1,839088489.2173913,1.4410933524079785
2,12.2895,1,7,1,839088489.2173913,1.4798424969294126
2,12.2895,1,8,1,839088489.2173913,1.473790878674134
2,12.2895,1,9,1,839088489.2173913,1.4339805372103336
2,12.2895,2,1,1,839088489.2173913,1.2583191694141256
2,12.2895,2,1,2,839088489.2173913,1.234852595406041
2,12.2895,2,1,3,839088489.2173913,1.324342381758031
2,12.2895,2,1,4,839088489.2173913,1.341853558404123
2,12.2895,2,1,5,839088489.2173913,1.2018953359869342
2,12.2895,2,2,1,839088489.2173913,1.292597500946611
2,12.2895,2,2,2,839088489.2173913,1.29524040387007
2,12.2895,2,3,1,839088489.2173913,1.3519058357626093
2,12.2895,2,4,1,839088489.2173913,1.3570560954063606
2,12.2895,2,5,1,839088489.2173913,1.2582161066404571
2,12.2895,3,1,1,839088489.2173913,1.2331179386325781
2,12.2895,3,1,2,839088489.2173913,1.1994905130007028
2,12.2895,3,1,3,839088489.2173913,1.17664799655321
2,12.2895,3,2,1,839088489.2173913,1.2361070598766861
2,12.2895,3,3,1,839088489.2173913,1.2768975011688921
2,12.2895,4,1,1,839088489.2173913,1.1914664650107614
2,12.2895,4,1,2,839088489.2173913,1.1907391797226987
2,12.2895,4,2,1,839088489.2173913,1.2191117680319818
2,12.2895,5,1,1,839088489.2173913,1.1744328281187286
2,12.2895,5,1,2,839088489.2173913,1.0892436140605888
2,12.2895,5,2,1,839088489.2173913,1.0793992358701858
2,12.2895,6,1,1,839088489.2173913,1.1643738275254392
2,12.2895,7,1,1,839088489.2173913,1.1600324709036163
2,12.2895,8,1,1,839088489.2173913,1.1793579962573773
2,12.2895,9,1,1,839088489.2173913,1.1685366549396217
3,12.2895,1,1,1,839088489.2173913,1.300187259973974
3,12.2895,1,1,2,839088489.2173913,1.305338403364915
3,12.2895,1,1,3,839088489.2173913,1.3326863017263815
3,12.2895,1,1,4,839088489.2173913,1.3319641037868772
3,12.2895,1,1,5,839088489.2173913,1.2821863784325183
3,12.2895,1,1,6,839088489.2173913,1.2688162051663259
3,12.2895,1,1,7,839088489.2173913,1.2333406928666053
3,12.2895,1,2,1,839088489.2173913,1.3222478051299709
3,12.2895,1,2,2,839088489.2173913,1.4065075077824574
3,12.2895,1,2,3,839088489.2173913,1.404995998628101
3,12.2895,1,3,1,839088489.2173913,1.421606052193226
3,12.2895,1,3,2,839088489.2173913,1.3884087442806305
3,12.2895,1,4,1,839088489.2173913,1.3905767337655726
3,12.2895,1,5,1,839088489.2173913,1.4167877152936292
3,12.2895,1,6,1,839088489.2173913,1.3997152619589979
3,12.2895,1,7,1,839088489.2173913,1.4106404958677687
3,12.2895,2,1,1,839088489.2173913,1.2220940523662254
3,12.2895,2,1,2,839088489.2173913,1.2117671419274685
3,12.2895,2,1,3,839088489.2173913,1.2783851539013658
3,12.2895,2,2,1,839088489.2173913,1.2322030159621402
3,12.2895,2,3,1,839088489.2173913,1.2595056060015988
3,12.2895,3,1,1,839088489.2173913,1.2285322990183338
3,12.2895,3,1,2,839088489.2173913,1.1823420753881972
3,12.2895,3,2,1,839088489.2173913,1.1818076911981077
3,12.2895,4,1,1,839088489.2173913,1.0961414963073959
3,12.2895,5,1,1,839088489.2173913,1.1269807791064486
3,12.2895,6,1,1,839088489.2173913,1.0646804529191105
3,12.2895,7,1,1,839088489.2173913,1.056352555892693
4,12.2895,1,1,1,839088489.2173913,1.1625893972074015
4,12.2895,1,1,2,839088489.2173913,1.1824330825331462
4,12.2895,1,1,3,839088489.2173913,1.188516663120636
4,12.2895,1,1,4,839088489.2173913,1.1270737992828255
4,12.2895,1,1,5,839088489.2173913,1.2436499423182013
4,12.2895,1,2,1,839088489.2173913,1.2649114320121042
4,12.2895,1,2,2,839088489.2173913,1.2935907287138302
4,12.2895,1,3,1,839088489.2173913,1.314089883555565
4,12.2895,1,4,1,839088489.2173913,1.3246707051544615
4,12.2895,1,5,1,839088489.2173913,1.286077565457628
4,12.2895,2,1,1,839088489.2173913,1.2084664929445894
4,12.2895,2,1,2,839088489.2173913,1.192264035623854
4,12.2895,2,2,1,839088489.2173913,1.2033546466654264
4,12.2895,3,1,1,839088489.2173913,1.1897132567910318
4,12.2895,4,1,1,839088489.2173913,1.1921830739979045
4,12.2895,5,1,1,839088489.2173913,1.1519966254218224
5,12.2895,1,1,1,839088489.2173913,1.266671476572324
5,12.2895,1,1,2,839088489.2173913,1.1442098206804088
5,12.2895,1,1,3,839088489.2173913,1.2339350977950923
5,12.2895,1,1,4,839088489.2173913,1.1127862439898948
5,12.2895,1,2,1,839088489.2173913,1.237052695153254
5,12.2895,1,2,2,839088489.2173913,1.1413830893825692
5,12.2895,1,3,1,839088489.2173913,1.3192811825706097
5,12.2895,1,4,1,839088489.2173913,1.212137650783631
5,12.2895,2,1,1,839088489.2173913,1.213286471650986
5,12.2895,2,1,2,839088489.2173913,1.085510625894324
5,12.2895,2,2,1,839088489.2173913,1.1083104116877847
5,12.2895,3,1,1,839088489.2173913,1.1808084399050702
5,12.2895,4,1,1,839088489.2173913,1.0966990603164406
6,12.2895,1,1,1,839088489.2173913,1.2950083773274745
6,12.2895,1,1,2,839088489.2173913,1.1592118170842138
6,12.2895,1,1,3,839088489.2173913,1.1727293547340496
6,12.2895,1,2,1,839088489.2173913,1.2015310611837862
6,12.2895,1,3,1,839088489.2173913,1.28154458997247
6,12.2895,2,1,1,839088489.2173913,1.1197313993111868
6,12.2895,3,1,1,839088489.2173913,1.1747359365291785
7,12.2895,1,1,1,839088489.2173913,1.2884371428870973
7,12.2895,1,1,2,839088489.2173913,1.0698429556375793
7,12.2895,1,1,3,839088489.2173913,1.1050714863771243
7,12.2895,1,2,1,839088489.2173913,1.213633939681223
7,12.2895,1,3,1,839088489.2173913,1.245439620576432
7,12.2895,2,1,1,839088489.2173913,1.1989522155665255
7,12.2895,3,1,1,839088489.2173913,1.1394887390937498
8,12.2895,1,1,1,839088489.2173913,1.1962213829621555
8,12.2895,1,1,2,839088489.2173913,1.161479647288983
8,12.2895,1,2,1,839088489.2173913,1.2135141006398609
8,12.2895,2,1,1,839088489.2173913,1.1803661300856738
9,12.2895,1,1,1,839088489.2173913,1.2250787511463777
9,12.2895,1,1,2,839088489.2173913,1.0649572353313288
9,12.2895,1,2,1,839088489.2173913,1.2150137918079629
9,12.2895,2,1,1,839088489.2173913,1.1244956034001592
10,26.0565,1,1,1,47715997.75145119,6.554105040748566
10,26.0565,1,1,2,47715997.75145119,2.265428019962093
10,26.0565,1,2,1,47715997.75145119,2.2512182056953276
10,26.0565,2,1,1,47715997.75145119,2.086239060986253
11,26.0565,1,1,1,47715997.75145119,5.015688161693936
11,26.0565,1,1,2,47715997.75145119,0.17688472708166167
11,26.0565,1,2,1,47715997.75145119,0.17319146475452496
11,26.0565,2,1,1,47715997.75145119,0.8752338693153381
12,26.0565,1,1,1,47715997.75145119,4.992910111713645
13,26.0565,1,1,1,47715997.75145119,5.6770447514052895
14,26.0565,1,1,1,47715997.75145119,5.607045254029394
15,26.0565,1,1,1,47715997.75145119,5.607165913492575
16,26.0565,1,1,1,47715997.75145119,6.445799525034634
18,26.0565,1,1,1,47715997.75145119,6.4088594829918595
19,26.0565,1,1,1,47715997.75145119,6.353074559906373
20,26.0565,1,1,1,47715997.75145119,6.521788101018697
3,26.0565,1,1,1,47715997.75145119,2.69582535823289
3,26.0565,1,1,2,47715997.75145119,2.5712213461747204
3,26.0565,1,1,3,47715997.75145119,3.125479800403032
3,26.0565,1,1,4,47715997.75145119,2.5886426179997417
3,26.0565,1,1,5,47715997.75145119,2.6450345646679048
3,26.0565,1,1,6,47715997.75145119,2.6838023236651285
3,26.0565,1,1,7,47715997.75145119,0.10790852964611518
3,26.0565,1,2,1,47715997.75145119,2.6431832014607424
3,26.0565,1,2,2,47715997.75145119,2.986794896777817
3,26.0565,1,2,3,47715997.75145119,3.1802204240049794
3,26.0565,1,3,1,47715997.75145119,3.3044399071690362
3,26.0565,1,3,2,47715997.75145119,3.215264067127345
3,26.0565,1,4,1,47715997.75145119,2.709561690843862
3,26.0565,1,5,1,47715997.75145119,2.815610040737819
3,26.0565,1,6,1,47715997.75145119,2.9314185426440313
3,26.0565,1,7,1,47715997.75145119,0.10618338451005842
3,26.0565,2,1,1,47715997.75145119,2.5907789289478393
3,26.0565,2,1,3,47715997.75145119,3.1060687336837964
3,26.0565,2,2,1,47715997.75145119,3.3101910666192387
3,26.0565,2,3,1,47715997.75145119,3.704785872717966
3,26.0565,3,1,1,47715997.75145119,3.2575104076810564
3,26.0565,3,1,2,47715997.75145119,3.2145897331507456
3,26.0565,3,2,1,47715997.75145119,3.6876928302527667
3,26.0565,4,1,1,47715997.75145119,2.4318232724829207
3,26.0565,5,1,1,47715997.75145119,2.802075491988386
3,26.0565,6,1,1,47715997.75145119,3.0274669734044406
3,26.0565,7,1,1,47715997.75145119,0.9638061771777325
4,26.0565,1,1,1,47715997.75145119,3.410090302316451
4,26.0565,1,1,2,47715997.75145119,2.888042827691694
4,26.0565,1,1,3,47715997.75145119,2.351139183397248
4,26.0565,1,1,4,47715997.75145119,2.487731525682643
4,26.0565,1,1,5,47715997.75145119,2.6230143550303007
4,26.0565,1,2,1,47715997.75145119,3.0768731180256244
4,26.0565,1,2,2,47715997.75145119,3.2599557106932404
4,26.0565,1,3,1,47715997.75145119,2.516442126611618
4,26.0565,1,4,1,47715997.75145119,2.655277129551314
4,26.0565,1,5,1,47715997.75145119,2.8163404273716752
4,26.0565,2,1,1,47715997.75145119,3.048256902199345
4,26.0565,2,1,2,47715997.75145119,3.209521463324506
4,26.0565,2,2,1,47715997.75145119,4.346661995796216
4,26.0565,3,1,1,47715997.75145119,2.3812635369163706
4,26.0565,4,1,1,47715997.75145119,2.6087282993932837
4,26.0565,5,1,1,47715997.75145119,2.833121309978145
6,26.0565,1,1,1,47715997.75145119,4.706227648737492
6,26.0565,1,1,2,47715997.75145119,2.458647467894583
6,26.0565,1,1,3,47715997.75145119,2.4532769675457344
6,26.0565,1,2,1,47715997.75145119,2.4749715045592704
6,26.0565,1,3,1,47715997.75145119,2.530813834901949
6,26.0565,2,1,1,47715997.75145119,2.274127668487842
6,26.0565,3,1,1,47715997.75145119,2.4617368629896266
7,26.0565,1,1,1,47715997.75145119,5.310067250866109
7,26.0565,1,1,2,47715997.75145119,2.3841395906341782
7,26.0565,1,1,3,47715997.75145119,0.08300434541199227
7,26.0565,1,2,1,47715997.75145119,2.2663541240834646
7,26.0565,1,3,1,47715997.75145119,0.20284819685301728
7,26.0565,2,1,1,47715997.75145119,2.3053545201988923
7,26.0565,3,1,1,47715997.75145119,1.197322893260363
8,26.0565,1,1,1,47715997.75145119,5.910781934078897
8,26.0565,1,1,2,47715997.75145119,2.4711924204057243
8,26.0565,1,2,1,47715997.75145119,2.5954757351183364
8,26.0565,2,1,1,47715997.75145119,2.4447144478950675
9,26.0565,1,1,1,47715997.75145119,6.400987545139656
9,26.0565,1,1,2,47715997.75145119,2.5552101516072723
9,26.0565,1,2,1,47715997.75145119,2.222397543605271
9,26.0565,2,1,1,47715997.75145119,2.440409849116333
17,26.0565,1,1,1,47715997.75145119,6.435133733422242
17,26.0565,2,1,1,47715997.75145119,0.7187861199921656
17,26.0565,1,2,1,47715997.75145119,0.01695683385491604
17,26.0565,1,1,2,47715997.75145119,0.01708586538319675
1,26.0565,1,1,2,47715997.75145119,1.6458850505012221
1,26.0565,1,1,3,47715997.75145119,2.2262901572112095
1,26.0565,1,1,4,47715997.75145119,2.7024237961397652
1,26.0565,1,1,5,47715997.75145119,3.2058096187207026
1,26.0565,1,1,6,47715997.75145119,3.329138345172995
1,26.0565,1,1,7,47715997.75145119,3.414424803113493
1,26.0565,1,1,8,47715997.75145119,3.6148414305929357
1,26.0565,1,1,9,47715997.75145119,3.6317197931620835
1,26.0565,1,2,1,47715997.75145119,1.6994293168106962
1,26.0565,1,2,2,47715997.75145119,2.6867356829102307
1,26.0565,1,2,3,47715997.75145119,3.6400910843508143
1,26.0565,1,2,4,47715997.75145119,4.160851444357505
1,26.0565,1,2,5,47715997.75145119,4.446729354745123
1,26.0565,1,2,6,47715997.75145119,3.2749107636619574
1,26.0565,1,2,7,47715997.75145119,3.199236303808658
1,26.0565,1,2,8,47715997.75145119,3.193981367982349
1,26.0565,1,2,9,47715997.75145119,3.0679249281778365
1,26.0565,1,3,1,47715997.75145119,2.3686004654206965
1,26.0565,1,3,2,47715997.75145119,3.7584923622830932
1,26.0565,1,3,3,47715997.75145119,4.152761176189338
1,26.0565,1,3,4,47715997.75145119,3.1375228783354205
1,26.0565,1,3,5,47715997.75145119,3.24606644990096
1,26.0565,1,3,6,47715997.75145119,3.2775883973383313
1,26.0565,1,3,7,47715997.75145119,1.9637124123897807
1,26.0565,1,3,8,47715997.75145119,1.6318561569197239
1,26.0565,1,3,9,47715997.75145119,1.5124506617134896
1,26.0565,1,4,1,47715997.75145119,2.8442545109211776
1,26.0565,1,4,2,47715997.75145119,4.306574771915907
1,26.0565,1,4,3,47715997.75145119,3.3991911812667146
1,26.0565,1,4,4,47715997.75145119,3.2094028674188304
1,26.0565,1,4,5,47715997.75145119,3.020658234891782
1,26.0565,1,4,6,47715997.75145119,1.5655473242127653
1,26.0565,1,4,7,47715997.75145119,1.4792474467348296
1,26.0565,1,5,1,47715997.75145119,3.4083952490581835
1,26.0565,1,5,2,47715997.75145119,4.68347263413319
1,26.0565,1,5,3,47715997.75145119,3.3171865054105663
1,26.0565,1,5,4,47715997.75145119,3.0588131713329814
1,26.0565,1,5,5,47715997.75145119,1.7423968865350665
1,26.0565,1,6,1,47715997.75145119,3.6855021216407353
1,26.0565,1,6,2,47715997.75145119,3.5126991830461862
1,26.0565,1,6,3,47715997.75145119,3.326206007378378
1,26.0565,1,6,4,47715997.75145119,1.7109453487684922
1,26.0565,1,7,1,47715997.75145119,3.875148720999405
1,26.0565,1,7,2,47715997.75145119,3.466988663579754
1,26.0565,1,7,3,47715997.75145119,2.0553991054736493
1,26.0565,1,7,4,47715997.75145119,1.4606070797948372
1,26.0565,1,8,1,47715997.75145119,4.134246184114493
1,26.0565,1,8,2,47715997.75145119,3.448542841261018
1,26.0565,1,8,3,47715997.75145119,1.6530794802821906
1,26.0565,1,9,1,47715997.75145119,4.266870814023941
1,26.0565,1,9,2,47715997.75145119,3.378301287453487
1,26.0565,1,9,3,47715997.75145119,1.5219029262309445
1,26.0565,2,1,1,47715997.75145119,1.7010157851444687
1,26.0565,2,1,2,47715997.75145119,2.6962716915530995
1,26.0565,2,1,4,47715997.75145119,3.94162405833056
1,26.0565,2,1,5,47715997.75145119,4.301598045365998
1,26.0565,2,1,6,47715997.75145119,2.989707873419464
1,26.0565,2,1,7,47715997.75145119,2.9549217509639374
1,26.0565,2,1,8,47715997.75145119,3.051541200168642
1,26.0565,2,1,9,47715997.75145119,2.9502043681570633
1,26.0565,2,2,1,47715997.75145119,2.2500712416776767
1,26.0565,2,2,2,47715997.75145119,2.8461185568699414
1,26.0565,2,2,3,47715997.75145119,1.9868314702697758
1,26.0565,2,2,4,47715997.75145119,1.9264294903074124
1,26.0565,2,2,5,47715997.75145119,1.859969591194295
1,26.0565,2,2,6,47715997.75145119,1.7403835235811564
1,26.0565,2,2,7,47715997.75145119,1.7879002044765264
1,26.0565,2,3,1,47715997.75145119,3.0783998676795483
1,26.0565,2,3,2,47715997.75145119,1.9151446106354049
1,26.0565,2,3,3,47715997.75145119,2.0990453941273612
1,26.0565,2,3,4,47715997.75145119,1.8867166286521126
1,26.0565,2,4,1,47715997.75145119,3.6667792459999156
1,26.0565,2,4,2,47715997.75145119,1.9294822428245608
1,26.0565,2,4,3,47715997.75145119,1.9116881020682166
1,26.0565,2,5,1,47715997.75145119,4.174650730581902
1,26.0565,2,5,2,47715997.75145119,1.8144436861969555
1,26.0565,2,6,1,47715997.75145119,2.8691530126849893
1,26.0565,2,6,2,47715997.75145119,1.6981556308654848
1,26.0565,2,7,1,47715997.75145119,2.9414122029689
1,26.0565,2,7,2,47715997.75145119,1.7626823971912355
1,26.0565,2,8,1,47715997.75145119,3.0730991048367127
1,26.0565,2,9,1,47715997.75145119,3.0873727739137644
1,26.0565,3,1,1,47715997.75145119,2.262752487972628
1,26.0565,3,1,2,47715997.75145119,3.4548528241845666
1,26.0565,3,1,3,47715997.75145119,4.005549491937096
1,26.0565,3,1,5,47715997.75145119,3.1286321502329377
1,26.0565,3,1,6,47715997.75145119,3.211420190541923
1,26.0565,3,1,7,47715997.75145119,1.93519997029225
1,26.0565,3,1,8,47715997.75145119,1.54377784624135
1,26.0565,3,1,9,47715997.75145119,1.393008361311293
1,26.0565,3,2,2,47715997.75145119,2.0060590196244488
1,26.0565,3,2,3,47715997.75145119,2.0791972550271307
1,26.0565,3,2,4,47715997.75145119,1.9405469413289242
1,26.0565,3,3,2,47715997.75145119,2.0940521252742483
1,26.0565,3,3,3,47715997.75145119,2.015166045382129
1,26.0565,3,4,1,47715997.75145119,2.795042049257702
1,26.0565,3,4,2,47715997.75145119,1.9541544484359414
1,26.0565,3,5,1,47715997.75145119,3.0369235072669842
1,26.0565,3,6,1,47715997.75145119,3.1744475037157964
1,26.0565,3,7,1,47715997.75145119,1.8455049614346726
1,26.0565,3,8,1,47715997.75145119,1.5139973504392692
1,26.0565,3,9,1,47715997.75145119,1.3693767080092496
1,26.0565,4,1,1,47715997.75145119,2.7171340083631392
1,26.0565,4,1,2,47715997.75145119,4.08921845574388
1,26.0565,4,1,3,47715997.75145119,3.168502845469138
1,26.0565,4,1,4,47715997.75145119,3.1162098163031002
1,26.0565,4,1,5,47715997.75145119,0.5745328261948074
1,26.0565,4,1,6,47715997.75145119,1.6379906459805376
1,26.0565,4,1,7,47715997.75145119,1.351401113007038
1,26.0565,4,2,1,47715997.75145119,3.6537706481195835
1,26.0565,4,2,2,47715997.75145119,1.8992448649357843
1,26.0565,4,2,3,47715997.75145119,1.9560908961240775
1,26.0565,4,3,1,47715997.75145119,2.851038919829746
1,26.0565,4,3,2,47715997.75145119,1.9616427011970188
1,26.0565,4,4,1,47715997.75145119,2.948668620638926
1,26.0565,4,6,1,47715997.75145119,1.565406243241295
1,26.0565,4,7,1,47715997.75145119,1.3934851434316642
1,26.0565,5,1,1,47715997.75145119,3.2714158369847706
1,26.0565,5,1,2,47715997.75145119,4.59850343257505
1,26.0565,5,1,3,47715997.75145119,3.3029738363249166
1,26.0565,5,1,4,47715997.75145119,3.0821869196465532
1,26.0565,5,1,5,47715997.75145119,1.6704812093703119
1,26.0565,5,2,1,47715997.75145119,4.156006762791885
1,26.0565,5,2,2,47715997.75145119,1.8516031380574742
1,26.0565,5,3,1,47715997.75145119,3.091035268159009
1,26.0565,5,4,1,47715997.75145119,2.975471331833598
1,26.0565,5,5,1,47715997.75145119,1.6201167685334292
1,26.0565,6,1,1,47715997.75145119,3.6179533462926963
1,26.0565,6,1,2,47715997.75145119,3.360611336815632
1,26.0565,6,1,3,47715997.75145119,3.325102408024195
1,26.0565,6,1,4,47715997.75145119,1.6863302182298274
1,26.0565,6,2,1,47715997.75145119,2.9530129084171035
1,26.0565,6,2,2,47715997.75145119,1.812021029499715
1,26.0565,6,3,1,47715997.75145119,3.1777769647299867
1,26.0565,6,4,1,47715997.75145119,1.5382458336039104
1,26.0565,7,1,1,47715997.75145119,3.7893198377034163
1,26.0565,7,1,2,47715997.75145119,3.3931710747353203
1,26.0565,7,1,3,47715997.75145119,2.0000383788762663
1,26.0565,7,1,4,47715997.75145119,1.4961500255516573
1,26.0565,7,2,1,47715997.75145119,3.0729178951340894
1,26.0565,7,2,2,47715997.75145119,1.7917236826724061
1,26.0565,7,3,1,47715997.75145119,1.8811320073638234
1,26.0565,7,4,1,47715997.75145119,1.4028631728563892
1,26.0565,8,1,1,47715997.75145119,4.080764893816951
1,26.0565,8,1,2,47715997.75145119,3.408707369082037
1,26.0565,8,1,3,47715997.75145119,1.6042667159216843
1,26.0565,8,2,1,47715997.75145119,3.1296843470740847
1,26.0565,8,3,1,47715997.75145119,1.552793735548616
1,26.0565,9,1,1,47715997.75145119,4.294083717864206
1,26.0565,9,1,2,47715997.75145119,3.360004642226205
1,26.0565,9,1,3,47715997.75145119,1.5071230674016274
1,26.0565,9,2,1,47715997.75145119,3.126529877609791
1,26.0565,9,3,1,47715997.75145119,1.4030671311877054
2,26.0565,1,1,1,47715997.75145119,1.9041720562120448
2,26.0565,1,2,1,47715997.75145119,2.144868006223093
2,26.0565,1,1,2,47715997.75145119,2.1642330309977074
2,26.0565,2,2,1,47715997.75145119,3.675572357563019
2,26.0565,2,2,2,47715997.75145119,3.3606980253569447
2,26.0565,1,1,3,47715997.75145119,2.6618414735057057
2,26.0565,1,2,3,47715997.75145119,3.0191532258064515
2,26.0565,2,2,3,47715997.75145119,0.010548306275546948
2,26.0565,1,1,4,47715997.75145119,3.109775746219671
2,26.0565,1,2,4,47715997.75145119,3.3526982166293524
2,26.0565,2,2,4,47715997.75145119,0.008775070656216261
2,26.0565,1,3,4,47715997.75145119,0.49118815259416493
2,26.0565,1,1,5,47715997.75145119,3.5678684394298315
2,26.0565,1,2,5,47715997.75145119,3.1285945848592185
2,26.0565,1,3,5,47715997.75145119,0.42416916953580935
2,26.0565,1,4,5,47715997.75145119,0.3637418230854922
2,26.0565,1,1,6,47715997.75145119,2.9414122029689
2,26.0565,1,2,6,47715997.75145119,0.43763530978698106
2,26.0565,1,3,6,47715997.75145119,0.38136058344590784
2,26.0565,1,1,7,47715997.75145119,2.928650908723067
2,26.0565,1,2,7,47715997.75145119,0.39122346575058636
2,26.0565,1,1,8,47715997.75145119,2.947801296482753
2,26.0565,1,2,8,47715997.75145119,0.3583831804108894
2,26.0565,1,1,9,47715997.75145119,2.8922422883528878
2,26.0565,1,2,9,47715997.75145119,0.3251303628448111
5,26.0565,1,1,2,47715997.75145119,3.231573464300331
5,26.0565,2,1,2,47715997.75145119,2.735446958164926
5,26.0565,1,2,2,47715997.75145119,2.976253026910952
5,26.0565,1,3,2,47715997.75145119,0.04917648519817332
5,26.0565,1,4,2,47715997.75145119,0.02842539573171244
5,26.0565,1,5,2,47715997.75145119,0.023392883370722685
5,26.0565,1,1,3,47715997.75145119,2.3573502935774835
5,26.0565,2,1,3,47715997.75145119,0.7260646523979234
5,26.0565,1,2,3,47715997.75145119,0.050731263027673085
5,26.0565,1,3,3,47715997.75145119,0.028279697073559013
5,26.0565,1,1,4,47715997.75145119,2.1861497285823352
5,26.0565,2,1,4,47715997.75145119,0.4357769779841186
5,26.0565,1,2,4,47715997.75145119,0.02839552763764881
5,26.0565,1,1,5,47715997.75145119,0.06257928534751539
5,26.0565,2,1,5,47715997.75145119,0.37611561551374967
5,26.0565,1,2,5,47715997.75145119,0.023429314711090155
5,26.0565,1,1,6,47715997.75145119,0.04585051638909828
5,26.0565,1,1,7,47715997.75145119,0.02745436074059604
5,26.0565,1,1,8,47715997.75145119,0.027326476116325327
5,26.0565,1,1,9,47715997.75145119,0.02499474809564509
10,2.5805,1,1,1,308591809.59090906,3.1222020568663034
10,2.5805,1,1,2,308591809.59090906,1.4858639949329187
10,2.5805,1,2,1,308591809.59090906,2.8822740980676866
10,2.5805,2,1,1,308591809.59090906,2.960986804360298
11,2.5805,1,1,1,308591809.59090906,2.863086652612892
11,2.5805,1,1,2,308591809.59090906,1.218251345482013
11,2.5805,1,2,1,308591809.59090906,2.119855417727758
11,2.5805,2,1,1,308591809.59090906,2.1457675037418924
12,2.5805,1,1,1,308591809.59090906,2.923748017221844
13,2.5805,1,1,1,308591809.59090906,2.9791041329946895
14,2.5805,1,1,1,308591809.59090906,2.9936194895591646
15,2.5805,1,1,1,308591809.59090906,2.9797921478060045
16,2.5805,1,1,1,308591809.59090906,2.978416435826408
17,2.5805,1,1,1,308591809.59090906,2.9777290560812366
18,2.5805,1,1,1,308591809.59090906,2.957593123209169
19,2.5805,1,1,1,308591809.59090906,2.9501543386303872
1,2.5805,1,1,1,308591809.59090906,0.958011583011583
1,2.5805,1,1,2,308591809.59090906,0.9095875925273175
1,2.5805,1,1,3,308591809.59090906,0.8508358336905271
1,2.5805,1,1,4,308591809.59090906,0.7419067333678339
1,2.5805,1,1,5,308591809.59090906,0.6103358561967833
1,2.5805,1,1,6,308591809.59090906,0.5139721552771526
1,2.5805,1,1,7,308591809.59090906,0.4413676324701536
1,2.5805,1,1,8,308591809.59090906,0.38550023155410146
1,2.5805,1,1,9,308591809.59090906,0.34214608663369617
1,2.5805,1,2,1,308591809.59090906,1.7877927116530412
1,2.5805,1,2,2,308591809.59090906,1.4676942327380273
1,2.5805,1,2,3,308591809.59090906,1.0083623148763237
1,2.5805,1,2,4,308591809.59090906,0.7613891183760179
1,2.5805,1,2,5,308591809.59090906,0.6116813236305022
1,2.5805,1,2,6,308591809.59090906,0.4783487190894598
1,2.5805,1,2,7,308591809.59090906,0.430018830508757
1,2.5805,1,2,8,308591809.59090906,0.3744196169471851
1,2.5805,1,2,9,308591809.59090906,0.33148780926444515
1,2.5805,1,3,1,308591809.59090906,2.485312530097274
1,2.5805,1,3,2,308591809.59090906,1.5095057034220531
1,2.5805,1,3,3,308591809.59090906,1.006670827806819
1,2.5805,1,3,4,308591809.59090906,0.7422481735028476
1,2.5805,1,3,5,308591809.59090906,0.5957658032045066
1,2.5805,1,3,6,308591809.59090906,0.49352611547803465
1,2.5805,1,3,7,308591809.59090906,0.4139662474332649
1,2.5805,1,4,1,308591809.59090906,2.904660063034669
1,2.5805,1,4,2,308591809.59090906,1.5029995922884267
1,2.5805,1,4,3,308591809.59090906,0.9791310946689432
1,2.5805,1,4,4,308591809.59090906,0.7335342107507319
1,2.5805,1,4,5,308591809.59090906,0.5845906393004394
1,2.5805,1,5,1,308591809.59090906,2.9911904485916305
1,2.5805,1,5,2,308591809.59090906,1.4804084676725373
1,2.5805,1,5,3,308591809.59090906,0.9901009093350726
1,2.5805,1,5,4,308591809.59090906,0.7219797437188741
1,2.5805,1,6,1,308591809.59090906,2.946448960949988
1,2.5805,1,6,2,308591809.59090906,1.4537209171314291
1,2.5805,1,6,3,308591809.59090906,0.9750245598125897
1,2.5805,1,7,1,308591809.59090906,2.9383967205647914
1,2.5805,1,7,2,308591809.59090906,1.4551144693808502
1,2.5805,1,7,3,308591809.59090906,0.9472157985537569
1,2.5805,1,8,1,308591809.59090906,2.9471219735038825
1,2.5805,1,8,2,308591809.59090906,1.448905109489051
1,2.5805,1,9,1,308591809.59090906,2.9307211811470752
1,2.5805,1,9,2,308591809.59090906,1.4518397659502642
1,2.5805,2,1,1,308591809.59090906,1.8111313868613137
1,2.5805,2,1,2,308591809.59090906,1.4884351387206551
1,2.5805,2,1,3,308591809.59090906,1.0108904297410584
1,2.5805,2,1,4,308591809.59090906,0.7687151836515832
1,2.5805,2,1,5,308591809.59090906,0.6141415583797419
1,2.5805,2,1,6,308591809.59090906,0.48246270051976214
1,2.5805,2,1,7,308591809.59090906,0.43005466302246514
1,2.5805,2,1,8,308591809.59090906,0.3750345168369497
1,2.5805,2,1,9,308591809.59090906,0.3323844608171466
1,2.5805,2,2,1,308591809.59090906,2.9637073618927294
1,2.5805,2,2,2,308591809.59090906,1.5073014018691588
1,2.5805,2,2,3,308591809.59090906,0.993225818867634
1,2.5805,2,2,4,308591809.59090906,0.7482746621817549
1,2.5805,2,2,5,308591809.59090906,0.5904764084023615
1,2.5805,2,3,1,308591809.59090906,2.985307727903748
1,2.5805,2,3,2,308591809.59090906,1.4694493479870165
1,2.5805,2,3,3,308591809.59090906,0.9918514817234884
1,2.5805,2,4,1,308591809.59090906,2.9808247660852487
1,2.5805,2,4,2,308591809.59090906,1.4759208419126058
1,2.5805,2,5,1,308591809.59090906,2.959967882541867
1,2.5805,2,5,2,308591809.59090906,1.456017604243074
1,2.5805,2,6,1,308591809.59090906,2.9131858207270263
1,2.5805,2,7,1,308591809.59090906,2.9191176470588234
1,2.5805,2,8,1,308591809.59090906,2.8611819492183166
1,2.5805,2,9,1,308591809.59090906,2.86181656870356
1,2.5805,3,1,1,308591809.59090906,2.550657309479094
1,2.5805,3,1,2,308591809.59090906,1.5262908854320694
1,2.5805,3,1,3,308591809.59090906,1.017306630923283
1,2.5805,3,1,4,308591809.59090906,0.7476459510357816
1,2.5805,3,1,5,308591809.59090906,0.5959859577809599
1,2.5805,3,1,6,308591809.59090906,0.49736908043096967
1,2.5805,3,1,7,308591809.59090906,0.41293946328271264
1,2.5805,3,2,1,308591809.59090906,3.003375232774674
1,2.5805,3,2,2,308591809.59090906,1.4731403779185932
1,2.5805,3,2,3,308591809.59090906,0.9867691484073267
1,2.5805,3,3,1,308591809.59090906,2.9839269195189635
1,2.5805,3,3,2,308591809.59090906,1.4777803229870574
1,2.5805,3,4,1,308591809.59090906,2.8961840628507294
1,2.5805,3,5,1,308591809.59090906,2.9234167893961707
1,2.5805,3,6,1,308591809.59090906,2.887434262056618
1,2.5805,3,7,1,308591809.59090906,2.393562749281142
1,2.5805,4,1,1,308591809.59090906,2.983581916984622
1,2.5805,4,1,2,308591809.59090906,1.515712187958884
1,2.5805,4,1,3,308591809.59090906,0.9832349018860735
1,2.5805,4,1,4,308591809.59090906,0.7491870862849843
1,2.5805,4,1,5,308591809.59090906,0.591871373196633
1,2.5805,4,2,1,308591809.59090906,2.9477952935800777
1,2.5805,4,2,2,308591809.59090906,1.4739818358370937
1,2.5805,4,3,1,308591809.59090906,2.9171376893511187
1,2.5805,4,4,1,308591809.59090906,2.9177973767526004
1,2.5805,4,5,1,308591809.59090906,2.8787371709058456
1,2.5805,5,1,1,308591809.59090906,3.0412492634060104
1,2.5805,5,1,2,308591809.59090906,1.5170487948265725
1,2.5805,5,1,3,308591809.59090906,0.995140950985307
1,2.5805,5,1,4,308591809.59090906,0.7379815254382702
1,2.5805,5,2,1,308591809.59090906,2.9404056517775747
1,2.5805,5,2,2,308591809.59090906,1.4706217587051917
1,2.5805,5,3,1,308591809.59090906,2.9234167893961707
1,2.5805,5,4,1,308591809.59090906,2.8764909151711064
1,2.5805,6,1,1,308591809.59090906,2.987381338272748
1,2.5805,6,1,2,308591809.59090906,1.4744029253799564
1,2.5805,6,1,3,308591809.59090906,0.9896452540747842
1,2.5805,6,2,1,308591809.59090906,2.904660063034669
1,2.5805,6,3,1,308591809.59090906,2.9010680157391793
1,2.5805,7,1,1,308591809.59090906,3.0227246105189174
1,2.5805,7,1,2,308591809.59090906,1.4950753186558516
1,2.5805,7,1,3,308591809.59090906,0.9177068885806748
1,2.5805,7,2,1,308591809.59090906,2.982202704264417
1,2.5805,7,3,1,308591809.59090906,2.444581280788177
1,2.5805,8,1,1,308591809.59090906,2.9915372130767444
1,2.5805,8,1,2,308591809.59090906,1.478966070609812
1,2.5805,8,2,1,308591809.59090906,2.923748017221844
1,2.5805,9,1,1,308591809.59090906,2.991884057971014
1,2.5805,9,1,2,308591809.59090906,1.4745714285714284
1,2.5805,9,2,1,308591809.59090906,2.900089907844459
20,2.5805,1,1,1,308591809.59090906,2.9320531757754797
2,2.5805,1,1,1,308591809.59090906,1.7986338607374361
2,2.5805,1,1,2,308591809.59090906,1.4976784677887405
2,2.5805,1,1,3,308591809.59090906,1.0331504984585818
2,2.5805,1,1,4,308591809.59090906,0.7677317624657859
2,2.5805,1,1,5,308591809.59090906,0.6101771062400984
2,2.5805,1,1,6,308591809.59090906,0.4945286598570361
2,2.5805,1,1,7,308591809.59090906,0.43077976061299095
2,2.5805,1,1,8,308591809.59090906,0.37601818526236025
2,2.5805,1,1,9,308591809.59090906,0.33247867652743057
2,2.5805,1,2,1,308591809.59090906,2.943424204402874
2,2.5805,1,2,2,308591809.59090906,1.5343679391128553
2,2.5805,1,2,3,308591809.59090906,0.9993029469852456
2,2.5805,1,2,4,308591809.59090906,0.7473861036290439
2,2.5805,1,2,5,308591809.59090906,0.5884432079903313
2,2.5805,1,3,1,308591809.59090906,3.0589141773352297
2,2.5805,1,3,2,308591809.59090906,1.460550147158705
2,2.5805,1,3,3,308591809.59090906,0.9890383657199799
2,2.5805,1,4,1,308591809.59090906,3.014955018109592
2,2.5805,1,4,2,308591809.59090906,1.464030409622149
2,2.5805,1,5,1,308591809.59090906,2.9722414190278736
2,2.5805,1,5,2,308591809.59090906,1.4408151870463428
2,2.5805,1,6,1,308591809.59090906,2.8257774857643447
2,2.5805,1,7,1,308591809.59090906,2.9079332882578317
2,2.5805,1,8,1,308591809.59090906,2.8697731316725976
2,2.5805,1,9,1,308591809.59090906,2.8592797783933515
2,2.5805,2,1,1,308591809.59090906,3.0030257186081695
2,2.5805,2,1,2,308591809.59090906,1.5381176610836262
2,2.5805,2,1,3,308591809.59090906,1.0056508183943882
2,2.5805,2,1,4,308591809.59090906,0.7465644438015333
2,2.5805,2,1,5,308591809.59090906,0.5924692917001492
2,2.5805,2,2,1,308591809.59090906,3.0911595591758503
2,2.5805,2,2,2,308591809.59090906,1.4791356184798807
2,2.5805,2,3,1,308591809.59090906,2.8909926058704905
2,2.5805,2,4,1,308591809.59090906,2.904333145751266
2,2.5805,2,5,1,308591809.59090906,2.8407089387934827
2,2.5805,3,1,1,308591809.59090906,3.146951219512195
2,2.5805,3,1,2,308591809.59090906,1.484496347005695
2,2.5805,3,1,3,308591809.59090906,0.9920802737303447
2,2.5805,3,2,1,308591809.59090906,2.921761775362319
2,2.5805,3,3,1,308591809.59090906,2.900415870518152
2,2.5805,4,1,1,308591809.59090906,3.1071643588199875
2,2.5805,4,1,2,308591809.59090906,1.4977653955540076
2,2.5805,4,2,1,308591809.59090906,2.9313870271498352
2,2.5805,5,1,1,308591809.59090906,3.016717325227963
2,2.5805,5,1,2,308591809.59090906,1.4598065282570571
2,2.5805,5,2,1,308591809.59090906,2.8498067366096076
2,2.5805,6,1,1,308591809.59090906,2.921430997396128
2,2.5805,7,1,1,308591809.59090906,2.9825473878871938
2,2.5805,8,1,1,308591809.59090906,2.9240793201133144
2,2.5805,9,1,1,308591809.59090906,2.9370589574322783
3,2.5805,1,1,1,308591809.59090906,2.5210042985541223
3,2.5805,1,1,2,308591809.59090906,1.570698155700286
3,2.5805,1,1,3,308591809.59090906,1.0287434221017382
3,2.5805,1,1,4,308591809.59090906,0.7514997961442134
3,2.5805,1,1,5,308591809.59090906,0.6004653868528214
3,2.5805,1,1,6,308591809.59090906,0.4953925897485122
3,2.5805,1,1,7,308591809.59090906,0.4183350895679663
3,2.5805,1,2,1,308591809.59090906,3.1071643588199875
3,2.5805,1,2,2,308591809.59090906,1.459311202850195
3,2.5805,1,2,3,308591809.59090906,0.9840222696766321
3,2.5805,1,3,1,308591809.59090906,3.0444785276073616
3,2.5805,1,3,2,308591809.59090906,1.4614600441751144
3,2.5805,1,4,1,308591809.59090906,2.9197782303688613
3,2.5805,1,5,1,308591809.59090906,2.8854970367885495
3,2.5805,1,6,1,308591809.59090906,2.842899636443759
3,2.5805,1,7,1,308591809.59090906,2.4385749385749382
3,2.5805,2,1,1,308591809.59090906,3.170926517571885
3,2.5805,2,1,2,308591809.59090906,1.4667765588586368
3,2.5805,2,1,3,308591809.59090906,0.9897970925549461
3,2.5805,2,2,1,308591809.59090906,2.936056434179087
3,2.5805,2,3,1,308591809.59090906,2.886788231345788
3,2.5805,3,1,1,308591809.59090906,3.12409200968523
3,2.5805,3,1,2,308591809.59090906,1.4719639495750383
3,2.5805,3,2,1,308591809.59090906,2.908916694848382
3,2.5805,4,1,1,308591809.59090906,2.9804804804804803
3,2.5805,5,1,1,308591809.59090906,2.9801362743965814
3,2.5805,6,1,1,308591809.59090906,2.865312014212747
3,2.5805,7,1,1,308591809.59090906,2.464660936007641
4,2.5805,1,1,1,308591809.59090906,2.9894578313253013
4,2.5805,1,1,2,308591809.59090906,1.561195474620364
4,2.5805,1,1,3,308591809.59090906,0.9883186518575257
4,2.5805,1,1,4,308591809.59090906,0.750538072247106
4,2.5805,1,1,5,308591809.59090906,0.5890745559968953
4,2.5805,1,2,1,308591809.59090906,3.083771510516252
4,2.5805,1,2,2,308591809.59090906,1.4775264815344975
4,2.5805,1,3,1,308591809.59090906,2.9572541829016727
4,2.5805,1,4,1,308591809.59090906,2.8926129357695323
4,2.5805,1,5,1,308591809.59090906,2.860864745011086
4,2.5805,2,1,1,308591809.59090906,3.1554169723648813
4,2.5805,2,1,2,308591809.59090906,1.4967229279044139
4,2.5805,2,2,1,308591809.59090906,2.959967882541867
4,2.5805,3,1,1,308591809.59090906,3.0051240246884823
4,2.5805,4,1,1,308591809.59090906,2.9815135759676483
4,2.5805,5,1,1,308591809.59090906,2.8929372197309413
5,2.5805,1,1,1,308591809.59090906,3.135479951397327
5,2.5805,1,1,2,308591809.59090906,1.559308719560094
5,2.5805,1,1,3,308591809.59090906,1.007142299586293
5,2.5805,1,1,4,308591809.59090906,0.7376650849008061
5,2.5805,1,2,1,308591809.59090906,3.076051972821552
5,2.5805,1,2,2,308591809.59090906,1.4651109975586212
5,2.5805,1,3,1,308591809.59090906,2.9380621655470796
5,2.5805,1,4,1,308591809.59090906,2.8649938936382813
5,2.5805,2,1,1,308591809.59090906,3.12901661210137
5,2.5805,2,1,2,308591809.59090906,1.4724679029957204
5,2.5805,2,2,1,308591809.59090906,2.931720063621904
5,2.5805,3,1,1,308591809.59090906,3.014955018109592
5,2.5805,4,1,1,308591809.59090906,2.9407407407407407
6,2.5805,1,1,1,308591809.59090906,3.157347363269301
6,2.5805,1,1,2,308591809.59090906,1.513489736070381
6,2.5805,1,1,3,308591809.59090906,0.9943740125621363
6,2.5805,1,2,1,308591809.59090906,2.9131858207270263
6,2.5805,1,3,1,308591809.59090906,2.92242355605889
6,2.5805,2,1,1,308591809.59090906,2.977041993539455
6,2.5805,3,1,1,308591809.59090906,2.9866898148148144
7,2.5805,1,1,1,308591809.59090906,3.1492555528435435
7,2.5805,1,1,2,308591809.59090906,1.5029120559114733
7,2.5805,1,1,3,308591809.59090906,0.9164683737614091
7,2.5805,1,2,1,308591809.59090906,2.966091954022988
7,2.5805,1,3,1,308591809.59090906,2.3235188186565816
7,2.5805,2,1,1,308591809.59090906,3.028400422485624
7,2.5805,3,1,1,308591809.59090906,2.316843239360747
8,2.5805,1,1,1,308591809.59090906,3.141970047485693
8,2.5805,1,1,2,308591809.59090906,1.4881776239907727
8,2.5805,1,2,1,308591809.59090906,2.9444317663167503
8,2.5805,2,1,1,308591809.59090906,3.0138986218173325
9,2.5805,1,1,1,308591809.59090906,3.1312947457832783
9,2.5805,1,1,2,308591809.59090906,1.4952485803685247
9,2.5805,1,2,1,308591809.59090906,2.944095835710211
9,2.5805,2,1,1,308591809.59090906,3.005474027486606
10,11.672,1,1,1,874287072.9285715,9.251010541333121
10,11.672,1,2,1,874287072.9285715,10.386189713472149
10,11.672,2,1,1,874287072.9285715,0.48973289585203955
11,11.672,1,1,1,874287072.9285715,9.796055392362568
11,11.672,1,2,1,874287072.9285715,0.013644020810638596
11,11.672,2,1,1,874287072.9285715,0.010488381906498843
12,11.672,1,1,1,874287072.9285715,10.494515374932567
13,11.672,1,1,1,874287072.9285715,11.187577877887474
14,11.672,1,1,1,874287072.9285715,11.762571802882194
15,11.672,1,1,1,874287072.9285715,12.385398981324279
16,11.672,1,1,1,874287072.9285715,12.718753405252262
17,11.672,1,1,1,874287072.9285715,12.88300220750552
18,11.672,1,1,1,874287072.9285715,12.941567801308349
19,11.672,1,1,1,874287072.9285715,13.016616482658637
1,11.672,1,1,1,874287072.9285715,1.0305764765091783
1,11.672,1,2,1,874287072.9285715,1.9084368868541532
1,11.672,1,3,1,874287072.9285715,2.579048544976468
1,11.672,1,4,1,874287072.9285715,3.262522361359571
1,11.672,1,5,1,874287072.9285715,3.865540652425899
1,11.672,1,6,1,874287072.9285715,4.253489304325645
1,11.672,1,7,1,874287072.9285715,4.960475988100297
1,11.672,1,8,1,874287072.9285715,5.410466787187688
1,11.672,1,9,1,874287072.9285715,5.687000584681349
1,11.672,2,1,1,874287072.9285715,1.5441604487484788
1,11.672,2,2,1,874287072.9285715,1.3872447645534718
1,11.672,2,3,1,874287072.9285715,1.558219635276213
1,11.672,2,4,1,874287072.9285715,1.659203661847698
1,11.672,2,5,1,874287072.9285715,1.7262186464742075
1,11.672,2,6,1,874287072.9285715,1.4584895286649673
1,11.672,2,7,1,874287072.9285715,1.4313393667377923
1,11.672,2,8,1,874287072.9285715,1.4112469319404646
1,11.672,2,9,1,874287072.9285715,1.418157076205288
1,11.672,3,1,1,874287072.9285715,2.1631639423255122
1,11.672,3,2,1,874287072.9285715,1.5619939779190366
1,11.672,3,3,1,874287072.9285715,1.8685663971824222
1,11.672,3,4,1,874287072.9285715,1.660218479745107
1,11.672,3,5,1,874287072.9285715,1.647633432616705
1,11.672,3,6,1,874287072.9285715,1.7486928251456997
1,11.672,3,7,1,874287072.9285715,1.3751016128462201
1,11.672,4,1,1,874287072.9285715,2.659375712007291
1,11.672,4,2,1,874287072.9285715,1.6670237228101747
1,11.672,4,3,1,874287072.9285715,1.7645547039170333
1,11.672,4,4,1,874287072.9285715,1.7474361853432143
1,11.672,4,5,1,874287072.9285715,1.7789157636443997
1,11.672,5,1,1,874287072.9285715,3.215515578941569
1,11.672,5,2,1,874287072.9285715,1.7353553374962831
1,11.672,5,3,1,874287072.9285715,1.7259633868630408
1,11.672,5,4,1,874287072.9285715,1.8993377052381497
1,11.672,6,1,1,874287072.9285715,3.5436274212156174
1,11.672,6,2,1,874287072.9285715,1.4947813280399564
1,11.672,6,3,1,874287072.9285715,1.6980171372874207
1,11.672,7,1,1,874287072.9285715,3.9194089993284082
1,11.672,7,2,1,874287072.9285715,1.401907324221096
1,11.672,7,3,1,874287072.9285715,1.3911965577658851
1,11.672,8,1,1,874287072.9285715,4.402202609941917
1,11.672,8,2,1,874287072.9285715,1.3321007521028065
1,11.672,9,1,1,874287072.9285715,4.392428404771761
1,11.672,9,2,1,874287072.9285715,1.282778327288713
20,11.672,1,1,1,874287072.9285715,12.989094146450034
2,11.672,1,1,1,874287072.9285715,2.0223862494368787
2,11.672,1,2,1,874287072.9285715,3.5680004891021917
2,11.672,1,3,1,874287072.9285715,4.834928130566257
2,11.672,1,4,1,874287072.9285715,5.989019446867464
2,11.672,1,5,1,874287072.9285715,6.929059067972692
2,11.672,1,6,1,874287072.9285715,7.291354322838581
2,11.672,1,7,1,874287072.9285715,7.796927187708751
2,11.672,1,8,1,874287072.9285715,7.813106633643484
2,11.672,1,9,1,874287072.9285715,8.013181381298915
2,11.672,2,1,1,874287072.9285715,1.3934719801341897
2,11.672,2,2,1,874287072.9285715,2.6740589704231486
2,11.672,2,3,1,874287072.9285715,2.9651458185143786
2,11.672,2,4,1,874287072.9285715,3.1216902915217974
2,11.672,2,5,1,874287072.9285715,2.1971650697438023
2,11.672,3,1,1,874287072.9285715,1.8457256712736012
2,11.672,3,2,1,874287072.9285715,3.000668414828526
2,11.672,3,3,1,874287072.9285715,3.5576688612533527
2,11.672,4,1,1,874287072.9285715,2.2586450451845117
2,11.672,4,2,1,874287072.9285715,3.2104741995819124
2,11.672,5,1,1,874287072.9285715,2.6618623001664807
2,11.672,5,2,1,874287072.9285715,2.57637294720113
2,11.672,6,1,1,874287072.9285715,3.2552431950022314
2,11.672,7,1,1,874287072.9285715,3.5082657048391948
2,11.672,8,1,1,874287072.9285715,4.0050784064784
2,11.672,9,1,1,874287072.9285715,4.3260071902449875
3,11.672,1,1,1,874287072.9285715,3.002675447622968
3,11.672,1,2,1,874287072.9285715,5.05960379730374
3,11.672,1,3,1,874287072.9285715,6.8934561776517835
3,11.672,1,4,1,874287072.9285715,7.570372292126087
3,11.672,1,5,1,874287072.9285715,8.16909294512878
3,11.672,1,6,1,874287072.9285715,8.83439297608235
3,11.672,1,7,1,874287072.9285715,0.00850682856656003
3,11.672,2,1,1,874287072.9285715,1.063101136694841
3,11.672,2,2,1,874287072.9285715,3.318831925843783
3,11.672,2,3,1,874287072.9285715,3.399545639890488
3,11.672,3,1,1,874287072.9285715,1.6639105890403147
3,11.672,3,2,1,874287072.9285715,3.1851548642379592
3,11.672,4,1,1,874287072.9285715,2.231142715143174
3,11.672,5,1,1,874287072.9285715,2.443476804555351
3,11.672,6,1,1,874287072.9285715,2.8838266541483426
3,11.672,7,1,1,874287072.9285715,0.0030777586006766958
4,11.672,1,1,1,874287072.9285715,3.9587572920906258
4,11.672,1,2,1,874287072.9285715,6.619406794079283
4,11.672,1,3,1,874287072.9285715,8.592461719670201
4,11.672,1,4,1,874287072.9285715,9.389429651677258
4,11.672,1,5,1,874287072.9285715,9.207225684310169
4,11.672,2,1,1,874287072.9285715,1.1833167744682578
4,11.672,2,2,1,874287072.9285715,5.066851884007641
4,11.672,3,1,1,874287072.9285715,1.5282887931598865
4,11.672,4,1,1,874287072.9285715,2.0896965356727244
4,11.672,5,1,1,874287072.9285715,1.7373184091450347
5,11.672,1,1,1,874287072.9285715,4.924271189300933
5,11.672,1,2,1,874287072.9285715,7.886486486486487
5,11.672,1,3,1,874287072.9285715,9.057189415690232
5,11.672,1,4,1,874287072.9285715,9.488659458580605
5,11.672,2,1,1,874287072.9285715,0.941616851004784
5,11.672,2,2,1,874287072.9285715,4.5761781541598054
5,11.672,3,1,1,874287072.9285715,1.2218535073853467
5,11.672,4,1,1,874287072.9285715,1.4156630159249963
6,11.672,1,1,1,874287072.9285715,5.852093256455253
6,11.672,1,2,1,874287072.9285715,8.936528596585253
6,11.672,1,3,1,874287072.9285715,10.382494218110656
6,11.672,2,1,1,874287072.9285715,1.058934533313979
6,11.672,3,1,1,874287072.9285715,1.647447388107101
7,11.672,1,1,1,874287072.9285715,6.684994272623139
7,11.672,1,2,1,874287072.9285715,9.110209178894788
8,11.672,1,1,1,874287072.9285715,7.605890785872541
8,11.672,1,2,1,874287072.9285715,10.60127157129882
8,11.672,2,1,1,874287072.9285715,1.18894581903006
9,11.672,1,1,1,874287072.9285715,8.467788740568775
9,11.672,1,2,1,874287072.9285715,10.97921173925313
9,11.672,2,1,1,874287072.9285715,1.0096099784618844
